transaction_id,date,customer_id,customer_name,customer_coutry,product_id,product_name,product_brand,product_price,quantity
1,2022-09-03,12.0,Christina Palmer,Guatemala,2.0,earphones,"Ayers, Thompson and Gross",59.0,2
2,2022-09-09,4.0,Jason Stein,Niger,1.0,laptop,Dillon Inc,2.0,9
3,2022-09-05,25.0,Gregory Walker,Saudi Arabia,3.0,keyboard,"Harris, Williams and Andrews",63.0,8
4,2022-09-08,30.0,Charles Salas,Canada,3.0,keyboard,"Harris, Williams and Andrews",63.0,2
5,2022-09-09,22.0,Jill Hill,Cameroon,2.0,earphones,"Ayers, Thompson and Gross",59.0,6
6,2022-09-04,2.0,Lawrence Schmitt,Austria,3.0,keyboard,"Harris, Williams and Andrews",63.0,9
7,2022-09-04,5.0,Sharon Lee,Zimbabwe,1.0,laptop,Dillon Inc,2.0,3
8,2022-09-08,8.0,Bradley Lee,Australia,2.0,earphones,"Ayers, Thompson and Gross",59.0,2
9,2022-09-09,28.0,Christine Joyce,Sierra Leone,3.0,keyboard,"Harris, Williams and Andrews",63.0,2
10,2022-09-02,26.0,Gina Serrano,France,3.0,keyboard,"Harris, Williams and Andrews",63.0,2
11,2022-09-10,17.0,Bethany Montgomery,El Salvador,2.0,earphones,"Ayers, Thompson and Gross",59.0,3
12,2022-09-08,23.0,Andrew Rodriguez,Zimbabwe,2.0,earphones,"Ayers, Thompson and Gross",59.0,3
13,2022-09-07,10.0,Andrew Gallagher,Tokelau,1.0,laptop,Dillon Inc,2.0,9
14,2022-09-14,30.0,Charles Salas,Canada,2.0,earphones,"Ayers, Thompson and Gross",59.0,3
15,2022-09-01,29.0,David Dillon,Guatemala,1.0,laptop,Dillon Inc,2.0,6
16,2022-09-09,8.0,Bradley Lee,Australia,2.0,earphones,"Ayers, Thompson and Gross",59.0,10
17,2022-09-04,24.0,Jenna Le,Ukraine,3.0,keyboard,"Harris, Williams and Andrews",63.0,5
18,2022-09-05,12.0,Christina Palmer,Guatemala,3.0,keyboard,"Harris, Williams and Andrews",63.0,3
19,2022-09-07,10.0,Andrew Gallagher,Tokelau,2.0,earphones,"Ayers, Thompson and Gross",59.0,4
20,2022-09-05,15.0,Chelsea Heath,Luxembourg,2.0,earphones,"Ayers, Thompson and Gross",59.0,6
21,2022-09-11,1.0,Jillian Mitchell,Lebanon,1.0,laptop,Dillon Inc,2.0,5
22,2022-09-09,4.0,Jason Stein,Niger,3.0,keyboard,"Harris, Williams and Andrews",63.0,5
23,2022-09-03,19.0,Scott Paul,Nigeria,3.0,keyboard,"Harris, Williams and Andrews",63.0,10
24,2022-09-14,24.0,Jenna Le,Ukraine,3.0,keyboard,"Harris, Williams and Andrews",63.0,9
25,2022-09-12,4.0,Jason Stein,Niger,3.0,keyboard,"Harris, Williams and Andrews",63.0,10
26,2022-09-12,9.0,Gary Myers,Czech Republic,2.0,earphones,"Ayers, Thompson and Gross",59.0,4
27,2022-09-05,16.0,Alexander Smith,Macao,1.0,laptop,Dillon Inc,2.0,8
28,2022-09-13,7.0,Caroline Farmer MD,Tonga,2.0,earphones,"Ayers, Thompson and Gross",59.0,3
29,2022-09-10,25.0,Gregory Walker,Saudi Arabia,1.0,laptop,Dillon Inc,2.0,6
30,2022-09-03,4.0,Jason Stein,Niger,1.0,laptop,Dillon Inc,2.0,7
31,2022-09-04,26.0,Gina Serrano,France,3.0,keyboard,"Harris, Williams and Andrews",63.0,4
32,2022-09-14,13.0,Derrick Gonzalez,Malaysia,3.0,keyboard,"Harris, Williams and Andrews",63.0,9
33,2022-09-02,27.0,Matthew Harrington,Saint Martin,1.0,laptop,Dillon Inc,2.0,9
34,2022-09-09,13.0,Derrick Gonzalez,Malaysia,3.0,keyboard,"Harris, Williams and Andrews",63.0,7
35,2022-09-14,23.0,Andrew Rodriguez,Zimbabwe,3.0,keyboard,"Harris, Williams and Andrews",63.0,4
36,2022-09-06,25.0,Gregory Walker,Saudi Arabia,1.0,laptop,Dillon Inc,2.0,8
37,2022-09-03,2.0,Lawrence Schmitt,Austria,3.0,keyboard,"Harris, Williams and Andrews",63.0,7
38,2022-09-05,1.0,Jillian Mitchell,Lebanon,3.0,keyboard,"Harris, Williams and Andrews",63.0,2
39,2022-09-03,11.0,Francisco Delacruz,Jordan,2.0,earphones,"Ayers, Thompson and Gross",59.0,9
40,2022-09-10,2.0,Lawrence Schmitt,Austria,1.0,laptop,Dillon Inc,2.0,10
41,2022-09-04,24.0,Jenna Le,Ukraine,3.0,keyboard,"Harris, Williams and Andrews",63.0,6
42,2022-09-12,1.0,Jillian Mitchell,Lebanon,2.0,earphones,"Ayers, Thompson and Gross",59.0,8
43,2022-09-08,18.0,Molly Price,Monaco,2.0,earphones,"Ayers, Thompson and Gross",59.0,4
44,2022-09-08,10.0,Andrew Gallagher,Tokelau,1.0,laptop,Dillon Inc,2.0,6
45,2022-09-10,12.0,Christina Palmer,Guatemala,3.0,keyboard,"Harris, Williams and Andrews",63.0,2
46,2022-09-04,10.0,Andrew Gallagher,Tokelau,2.0,earphones,"Ayers, Thompson and Gross",59.0,6
47,2022-09-06,23.0,Andrew Rodriguez,Zimbabwe,2.0,earphones,"Ayers, Thompson and Gross",59.0,1
48,2022-09-10,13.0,Derrick Gonzalez,Malaysia,1.0,laptop,Dillon Inc,2.0,4
49,2022-09-11,25.0,Gregory Walker,Saudi Arabia,2.0,earphones,"Ayers, Thompson and Gross",59.0,7
50,2022-09-14,10.0,Andrew Gallagher,Tokelau,2.0,earphones,"Ayers, Thompson and Gross",59.0,7
51,2022-09-11,22.0,Jill Hill,Cameroon,3.0,keyboard,"Harris, Williams and Andrews",63.0,4
52,2022-09-04,8.0,Bradley Lee,Australia,1.0,laptop,Dillon Inc,2.0,9
53,2022-09-05,22.0,Jill Hill,Cameroon,3.0,keyboard,"Harris, Williams and Andrews",63.0,7
54,2022-09-10,8.0,Bradley Lee,Australia,3.0,keyboard,"Harris, Williams and Andrews",63.0,1
55,2022-09-05,12.0,Christina Palmer,Guatemala,1.0,laptop,Dillon Inc,2.0,2
56,2022-09-13,18.0,Molly Price,Monaco,1.0,laptop,Dillon Inc,2.0,6
57,2022-09-01,25.0,Gregory Walker,Saudi Arabia,2.0,earphones,"Ayers, Thompson and Gross",59.0,10
58,2022-09-13,4.0,Jason Stein,Niger,3.0,keyboard,"Harris, Williams and Andrews",63.0,2
59,2022-09-10,9.0,Gary Myers,Czech Republic,2.0,earphones,"Ayers, Thompson and Gross",59.0,8
60,2022-09-05,20.0,Erik Smith,Sweden,1.0,laptop,Dillon Inc,2.0,9
61,2022-09-11,29.0,David Dillon,Guatemala,3.0,keyboard,"Harris, Williams and Andrews",63.0,2
62,2022-09-12,27.0,Matthew Harrington,Saint Martin,2.0,earphones,"Ayers, Thompson and Gross",59.0,1
63,2022-09-07,3.0,Cheryl Gonzalez,Singapore,1.0,laptop,Dillon Inc,2.0,10
64,2022-09-08,12.0,Christina Palmer,Guatemala,1.0,laptop,Dillon Inc,2.0,10
65,2022-09-11,5.0,Sharon Lee,Zimbabwe,3.0,keyboard,"Harris, Williams and Andrews",63.0,1
66,2022-09-11,3.0,Cheryl Gonzalez,Singapore,3.0,keyboard,"Harris, Williams and Andrews",63.0,9
67,2022-09-14,4.0,Jason Stein,Niger,3.0,keyboard,"Harris, Williams and Andrews",63.0,9
68,2022-09-07,26.0,Gina Serrano,France,3.0,keyboard,"Harris, Williams and Andrews",63.0,9
69,2022-09-03,18.0,Molly Price,Monaco,1.0,laptop,Dillon Inc,2.0,7
70,2022-09-07,25.0,Gregory Walker,Saudi Arabia,3.0,keyboard,"Harris, Williams and Andrews",63.0,6
71,2022-09-02,16.0,Alexander Smith,Macao,3.0,keyboard,"Harris, Williams and Andrews",63.0,9
72,2022-09-10,12.0,Christina Palmer,Guatemala,1.0,laptop,Dillon Inc,2.0,9
73,2022-09-14,17.0,Bethany Montgomery,El Salvador,3.0,keyboard,"Harris, Williams and Andrews",63.0,1
74,2022-09-03,13.0,Derrick Gonzalez,Malaysia,2.0,earphones,"Ayers, Thompson and Gross",59.0,1
75,2022-09-11,8.0,Bradley Lee,Australia,2.0,earphones,"Ayers, Thompson and Gross",59.0,7
76,2022-09-06,23.0,Andrew Rodriguez,Zimbabwe,2.0,earphones,"Ayers, Thompson and Gross",59.0,4
77,2022-09-02,19.0,Scott Paul,Nigeria,2.0,earphones,"Ayers, Thompson and Gross",59.0,8
78,2022-09-05,13.0,Derrick Gonzalez,Malaysia,2.0,earphones,"Ayers, Thompson and Gross",59.0,3
79,2022-09-13,24.0,Jenna Le,Ukraine,1.0,laptop,Dillon Inc,2.0,6
80,2022-09-14,25.0,Gregory Walker,Saudi Arabia,3.0,keyboard,"Harris, Williams and Andrews",63.0,10
81,2022-09-10,16.0,Alexander Smith,Macao,2.0,earphones,"Ayers, Thompson and Gross",59.0,7
82,2022-09-04,26.0,Gina Serrano,France,1.0,laptop,Dillon Inc,2.0,7
83,2022-09-08,8.0,Bradley Lee,Australia,2.0,earphones,"Ayers, Thompson and Gross",59.0,4
84,2022-09-02,17.0,Bethany Montgomery,El Salvador,2.0,earphones,"Ayers, Thompson and Gross",59.0,10
85,2022-09-14,11.0,Francisco Delacruz,Jordan,2.0,earphones,"Ayers, Thompson and Gross",59.0,9
86,2022-09-06,12.0,Christina Palmer,Guatemala,2.0,earphones,"Ayers, Thompson and Gross",59.0,1
87,2022-09-13,2.0,Lawrence Schmitt,Austria,1.0,laptop,Dillon Inc,2.0,9
88,2022-09-02,4.0,Jason Stein,Niger,1.0,laptop,Dillon Inc,2.0,5
89,2022-09-04,23.0,Andrew Rodriguez,Zimbabwe,1.0,laptop,Dillon Inc,2.0,2
90,2022-09-14,20.0,Erik Smith,Sweden,3.0,keyboard,"Harris, Williams and Andrews",63.0,4
91,2022-09-12,6.0,Jeffery Herman,Bahrain,3.0,keyboard,"Harris, Williams and Andrews",63.0,8
92,2022-09-10,27.0,Matthew Harrington,Saint Martin,2.0,earphones,"Ayers, Thompson and Gross",59.0,1
93,2022-09-02,26.0,Gina Serrano,France,3.0,keyboard,"Harris, Williams and Andrews",63.0,3
94,2022-09-09,3.0,Cheryl Gonzalez,Singapore,2.0,earphones,"Ayers, Thompson and Gross",59.0,3
95,2022-09-05,16.0,Alexander Smith,Macao,1.0,laptop,Dillon Inc,2.0,5
96,2022-09-07,10.0,Andrew Gallagher,Tokelau,2.0,earphones,"Ayers, Thompson and Gross",59.0,3
97,2022-09-03,12.0,Christina Palmer,Guatemala,1.0,laptop,Dillon Inc,2.0,9
98,2022-09-09,2.0,Lawrence Schmitt,Austria,1.0,laptop,Dillon Inc,2.0,9
99,2022-09-03,6.0,Jeffery Herman,Bahrain,2.0,earphones,"Ayers, Thompson and Gross",59.0,8
100,2022-09-08,24.0,Jenna Le,Ukraine,3.0,keyboard,"Harris, Williams and Andrews",63.0,1
101,2022-09-10,11.0,Francisco Delacruz,Jordan,2.0,earphones,"Ayers, Thompson and Gross",59.0,5
102,2022-09-14,11.0,Francisco Delacruz,Jordan,2.0,earphones,"Ayers, Thompson and Gross",59.0,5
103,2022-09-05,17.0,Bethany Montgomery,El Salvador,3.0,keyboard,"Harris, Williams and Andrews",63.0,1
104,2022-09-06,25.0,Gregory Walker,Saudi Arabia,3.0,keyboard,"Harris, Williams and Andrews",63.0,1
105,2022-09-11,13.0,Derrick Gonzalez,Malaysia,1.0,laptop,Dillon Inc,2.0,9
106,2022-09-12,21.0,Katherine Benson,Togo,1.0,laptop,Dillon Inc,2.0,8
107,2022-09-13,18.0,Molly Price,Monaco,2.0,earphones,"Ayers, Thompson and Gross",59.0,1
108,2022-09-06,30.0,Charles Salas,Canada,1.0,laptop,Dillon Inc,2.0,5
109,2022-09-12,28.0,Christine Joyce,Sierra Leone,1.0,laptop,Dillon Inc,2.0,1
110,2022-09-11,13.0,Derrick Gonzalez,Malaysia,3.0,keyboard,"Harris, Williams and Andrews",63.0,7
111,2022-09-03,17.0,Bethany Montgomery,El Salvador,2.0,earphones,"Ayers, Thompson and Gross",59.0,8
112,2022-09-07,10.0,Andrew Gallagher,Tokelau,2.0,earphones,"Ayers, Thompson and Gross",59.0,3
113,2022-09-08,10.0,Andrew Gallagher,Tokelau,2.0,earphones,"Ayers, Thompson and Gross",59.0,6
114,2022-09-05,23.0,Andrew Rodriguez,Zimbabwe,3.0,keyboard,"Harris, Williams and Andrews",63.0,1
115,2022-09-07,27.0,Matthew Harrington,Saint Martin,3.0,keyboard,"Harris, Williams and Andrews",63.0,1
116,2022-09-10,15.0,Chelsea Heath,Luxembourg,2.0,earphones,"Ayers, Thompson and Gross",59.0,7
117,2022-09-06,17.0,Bethany Montgomery,El Salvador,3.0,keyboard,"Harris, Williams and Andrews",63.0,3
118,2022-09-05,28.0,Christine Joyce,Sierra Leone,1.0,laptop,Dillon Inc,2.0,2
119,2022-09-09,6.0,Jeffery Herman,Bahrain,3.0,keyboard,"Harris, Williams and Andrews",63.0,10
120,2022-09-09,9.0,Gary Myers,Czech Republic,3.0,keyboard,"Harris, Williams and Andrews",63.0,7
121,2022-09-11,16.0,Alexander Smith,Macao,1.0,laptop,Dillon Inc,2.0,9
122,2022-09-06,20.0,Erik Smith,Sweden,1.0,laptop,Dillon Inc,2.0,8
123,2022-09-04,29.0,David Dillon,Guatemala,2.0,earphones,"Ayers, Thompson and Gross",59.0,5
124,2022-09-14,22.0,Jill Hill,Cameroon,3.0,keyboard,"Harris, Williams and Andrews",63.0,8
125,2022-09-10,18.0,Molly Price,Monaco,2.0,earphones,"Ayers, Thompson and Gross",59.0,10
126,2022-09-09,21.0,Katherine Benson,Togo,2.0,earphones,"Ayers, Thompson and Gross",59.0,1
127,2022-09-07,26.0,Gina Serrano,France,3.0,keyboard,"Harris, Williams and Andrews",63.0,8
128,2022-09-05,14.0,Justin Garcia,South Georgia and the South Sandwich Islands,3.0,keyboard,"Harris, Williams and Andrews",63.0,7
129,2022-09-11,16.0,Alexander Smith,Macao,1.0,laptop,Dillon Inc,2.0,5
130,2022-09-05,18.0,Molly Price,Monaco,2.0,earphones,"Ayers, Thompson and Gross",59.0,5
131,2022-09-01,9.0,Gary Myers,Czech Republic,2.0,earphones,"Ayers, Thompson and Gross",59.0,8
132,2022-09-01,21.0,Katherine Benson,Togo,2.0,earphones,"Ayers, Thompson and Gross",59.0,1
133,2022-09-03,8.0,Bradley Lee,Australia,2.0,earphones,"Ayers, Thompson and Gross",59.0,1
134,2022-09-13,22.0,Jill Hill,Cameroon,2.0,earphones,"Ayers, Thompson and Gross",59.0,4
135,2022-09-10,12.0,Christina Palmer,Guatemala,1.0,laptop,Dillon Inc,2.0,3
136,2022-09-03,20.0,Erik Smith,Sweden,2.0,earphones,"Ayers, Thompson and Gross",59.0,2
137,2022-09-06,14.0,Justin Garcia,South Georgia and the South Sandwich Islands,2.0,earphones,"Ayers, Thompson and Gross",59.0,6
138,2022-09-08,29.0,David Dillon,Guatemala,1.0,laptop,Dillon Inc,2.0,7
139,2022-09-05,17.0,Bethany Montgomery,El Salvador,2.0,earphones,"Ayers, Thompson and Gross",59.0,9
140,2022-09-12,24.0,Jenna Le,Ukraine,1.0,laptop,Dillon Inc,2.0,4
141,2022-09-13,4.0,Jason Stein,Niger,2.0,earphones,"Ayers, Thompson and Gross",59.0,4
142,2022-09-02,11.0,Francisco Delacruz,Jordan,2.0,earphones,"Ayers, Thompson and Gross",59.0,10
143,2022-09-13,13.0,Derrick Gonzalez,Malaysia,3.0,keyboard,"Harris, Williams and Andrews",63.0,2
144,2022-09-08,7.0,Caroline Farmer MD,Tonga,3.0,keyboard,"Harris, Williams and Andrews",63.0,3
145,2022-09-03,11.0,Francisco Delacruz,Jordan,3.0,keyboard,"Harris, Williams and Andrews",63.0,6
146,2022-09-02,24.0,Jenna Le,Ukraine,2.0,earphones,"Ayers, Thompson and Gross",59.0,2
147,2022-09-12,15.0,Chelsea Heath,Luxembourg,2.0,earphones,"Ayers, Thompson and Gross",59.0,2
148,2022-09-10,23.0,Andrew Rodriguez,Zimbabwe,3.0,keyboard,"Harris, Williams and Andrews",63.0,6
149,2022-09-07,10.0,Andrew Gallagher,Tokelau,3.0,keyboard,"Harris, Williams and Andrews",63.0,8
150,2022-09-14,26.0,Gina Serrano,France,3.0,keyboard,"Harris, Williams and Andrews",63.0,8
151,2022-09-05,17.0,Bethany Montgomery,El Salvador,1.0,laptop,Dillon Inc,2.0,10
152,2022-09-03,11.0,Francisco Delacruz,Jordan,3.0,keyboard,"Harris, Williams and Andrews",63.0,8
153,2022-09-03,15.0,Chelsea Heath,Luxembourg,2.0,earphones,"Ayers, Thompson and Gross",59.0,9
154,2022-09-13,15.0,Chelsea Heath,Luxembourg,3.0,keyboard,"Harris, Williams and Andrews",63.0,4
155,2022-09-07,16.0,Alexander Smith,Macao,2.0,earphones,"Ayers, Thompson and Gross",59.0,1
156,2022-09-07,13.0,Derrick Gonzalez,Malaysia,1.0,laptop,Dillon Inc,2.0,6
157,2022-09-09,20.0,Erik Smith,Sweden,1.0,laptop,Dillon Inc,2.0,10
158,2022-09-07,2.0,Lawrence Schmitt,Austria,3.0,keyboard,"Harris, Williams and Andrews",63.0,9
159,2022-09-09,23.0,Andrew Rodriguez,Zimbabwe,2.0,earphones,"Ayers, Thompson and Gross",59.0,10
160,2022-09-01,29.0,David Dillon,Guatemala,2.0,earphones,"Ayers, Thompson and Gross",59.0,2
161,2022-09-04,6.0,Jeffery Herman,Bahrain,2.0,earphones,"Ayers, Thompson and Gross",59.0,5
162,2022-09-10,4.0,Jason Stein,Niger,2.0,earphones,"Ayers, Thompson and Gross",59.0,1
163,2022-09-02,6.0,Jeffery Herman,Bahrain,2.0,earphones,"Ayers, Thompson and Gross",59.0,7
164,2022-09-11,6.0,Jeffery Herman,Bahrain,1.0,laptop,Dillon Inc,2.0,7
165,2022-09-09,11.0,Francisco Delacruz,Jordan,1.0,laptop,Dillon Inc,2.0,8
166,2022-09-08,24.0,Jenna Le,Ukraine,2.0,earphones,"Ayers, Thompson and Gross",59.0,10
167,2022-09-02,8.0,Bradley Lee,Australia,3.0,keyboard,"Harris, Williams and Andrews",63.0,8
168,2022-09-05,22.0,Jill Hill,Cameroon,3.0,keyboard,"Harris, Williams and Andrews",63.0,5
169,2022-09-07,1.0,Jillian Mitchell,Lebanon,2.0,earphones,"Ayers, Thompson and Gross",59.0,8
170,2022-09-05,30.0,Charles Salas,Canada,1.0,laptop,Dillon Inc,2.0,6
171,2022-09-14,30.0,Charles Salas,Canada,2.0,earphones,"Ayers, Thompson and Gross",59.0,4
172,2022-09-14,22.0,Jill Hill,Cameroon,1.0,laptop,Dillon Inc,2.0,1
173,2022-09-10,24.0,Jenna Le,Ukraine,1.0,laptop,Dillon Inc,2.0,10
174,2022-09-02,7.0,Caroline Farmer MD,Tonga,3.0,keyboard,"Harris, Williams and Andrews",63.0,2
175,2022-09-08,8.0,Bradley Lee,Australia,1.0,laptop,Dillon Inc,2.0,10
176,2022-09-13,12.0,Christina Palmer,Guatemala,2.0,earphones,"Ayers, Thompson and Gross",59.0,6
177,2022-09-10,30.0,Charles Salas,Canada,3.0,keyboard,"Harris, Williams and Andrews",63.0,8
178,2022-09-12,12.0,Christina Palmer,Guatemala,2.0,earphones,"Ayers, Thompson and Gross",59.0,1
179,2022-09-01,2.0,Lawrence Schmitt,Austria,1.0,laptop,Dillon Inc,2.0,5
180,2022-09-10,1.0,Jillian Mitchell,Lebanon,3.0,keyboard,"Harris, Williams and Andrews",63.0,7
181,2022-09-06,9.0,Gary Myers,Czech Republic,1.0,laptop,Dillon Inc,2.0,6
182,2022-09-10,5.0,Sharon Lee,Zimbabwe,2.0,earphones,"Ayers, Thompson and Gross",59.0,3
183,2022-09-07,4.0,Jason Stein,Niger,1.0,laptop,Dillon Inc,2.0,6
184,2022-09-01,20.0,Erik Smith,Sweden,1.0,laptop,Dillon Inc,2.0,9
185,2022-09-01,25.0,Gregory Walker,Saudi Arabia,1.0,laptop,Dillon Inc,2.0,2
186,2022-09-12,7.0,Caroline Farmer MD,Tonga,2.0,earphones,"Ayers, Thompson and Gross",59.0,6
187,2022-09-06,5.0,Sharon Lee,Zimbabwe,1.0,laptop,Dillon Inc,2.0,9
188,2022-09-13,24.0,Jenna Le,Ukraine,2.0,earphones,"Ayers, Thompson and Gross",59.0,8
189,2022-09-14,8.0,Bradley Lee,Australia,3.0,keyboard,"Harris, Williams and Andrews",63.0,6
190,2022-09-01,21.0,Katherine Benson,Togo,1.0,laptop,Dillon Inc,2.0,2
191,2022-09-09,6.0,Jeffery Herman,Bahrain,2.0,earphones,"Ayers, Thompson and Gross",59.0,6
192,2022-09-07,28.0,Christine Joyce,Sierra Leone,3.0,keyboard,"Harris, Williams and Andrews",63.0,1
193,2022-09-14,17.0,Bethany Montgomery,El Salvador,1.0,laptop,Dillon Inc,2.0,4
194,2022-09-03,9.0,Gary Myers,Czech Republic,3.0,keyboard,"Harris, Williams and Andrews",63.0,9
195,2022-09-11,7.0,Caroline Farmer MD,Tonga,3.0,keyboard,"Harris, Williams and Andrews",63.0,9
196,2022-09-06,8.0,Bradley Lee,Australia,3.0,keyboard,"Harris, Williams and Andrews",63.0,3
197,2022-09-12,1.0,Jillian Mitchell,Lebanon,2.0,earphones,"Ayers, Thompson and Gross",59.0,8
198,2022-09-08,18.0,Molly Price,Monaco,1.0,laptop,Dillon Inc,2.0,2
199,2022-09-04,13.0,Derrick Gonzalez,Malaysia,1.0,laptop,Dillon Inc,2.0,1
200,2022-09-11,28.0,Christine Joyce,Sierra Leone,2.0,earphones,"Ayers, Thompson and Gross",59.0,3
201,2022-09-14,8.0,Bradley Lee,Australia,3.0,keyboard,"Harris, Williams and Andrews",63.0,10
202,2022-09-09,4.0,Jason Stein,Niger,3.0,keyboard,"Harris, Williams and Andrews",63.0,1
203,2022-09-05,21.0,Katherine Benson,Togo,2.0,earphones,"Ayers, Thompson and Gross",59.0,10
204,2022-09-04,11.0,Francisco Delacruz,Jordan,2.0,earphones,"Ayers, Thompson and Gross",59.0,6
205,2022-09-14,30.0,Charles Salas,Canada,1.0,laptop,Dillon Inc,2.0,6
206,2022-09-13,30.0,Charles Salas,Canada,2.0,earphones,"Ayers, Thompson and Gross",59.0,2
207,2022-09-13,21.0,Katherine Benson,Togo,2.0,earphones,"Ayers, Thompson and Gross",59.0,5
208,2022-09-02,24.0,Jenna Le,Ukraine,3.0,keyboard,"Harris, Williams and Andrews",63.0,6
209,2022-09-10,8.0,Bradley Lee,Australia,3.0,keyboard,"Harris, Williams and Andrews",63.0,9
210,2022-09-05,14.0,Justin Garcia,South Georgia and the South Sandwich Islands,1.0,laptop,Dillon Inc,2.0,7
211,2022-09-10,26.0,Gina Serrano,France,1.0,laptop,Dillon Inc,2.0,5
212,2022-09-03,9.0,Gary Myers,Czech Republic,1.0,laptop,Dillon Inc,2.0,10
213,2022-09-14,4.0,Jason Stein,Niger,3.0,keyboard,"Harris, Williams and Andrews",63.0,9
214,2022-09-04,6.0,Jeffery Herman,Bahrain,3.0,keyboard,"Harris, Williams and Andrews",63.0,3
215,2022-09-07,11.0,Francisco Delacruz,Jordan,3.0,keyboard,"Harris, Williams and Andrews",63.0,3
216,2022-09-09,10.0,Andrew Gallagher,Tokelau,2.0,earphones,"Ayers, Thompson and Gross",59.0,7
217,2022-09-11,11.0,Francisco Delacruz,Jordan,3.0,keyboard,"Harris, Williams and Andrews",63.0,9
218,2022-09-14,18.0,Molly Price,Monaco,2.0,earphones,"Ayers, Thompson and Gross",59.0,1
219,2022-09-06,30.0,Charles Salas,Canada,3.0,keyboard,"Harris, Williams and Andrews",63.0,4
220,2022-09-10,10.0,Andrew Gallagher,Tokelau,3.0,keyboard,"Harris, Williams and Andrews",63.0,10
221,2022-09-05,8.0,Bradley Lee,Australia,3.0,keyboard,"Harris, Williams and Andrews",63.0,4
222,2022-09-12,13.0,Derrick Gonzalez,Malaysia,1.0,laptop,Dillon Inc,2.0,2
223,2022-09-08,11.0,Francisco Delacruz,Jordan,3.0,keyboard,"Harris, Williams and Andrews",63.0,1
224,2022-09-07,29.0,David Dillon,Guatemala,3.0,keyboard,"Harris, Williams and Andrews",63.0,4
225,2022-09-02,26.0,Gina Serrano,France,3.0,keyboard,"Harris, Williams and Andrews",63.0,7
226,2022-09-09,5.0,Sharon Lee,Zimbabwe,2.0,earphones,"Ayers, Thompson and Gross",59.0,8
227,2022-09-02,7.0,Caroline Farmer MD,Tonga,1.0,laptop,Dillon Inc,2.0,9
228,2022-09-04,17.0,Bethany Montgomery,El Salvador,3.0,keyboard,"Harris, Williams and Andrews",63.0,4
229,2022-09-14,19.0,Scott Paul,Nigeria,1.0,laptop,Dillon Inc,2.0,9
230,2022-09-14,9.0,Gary Myers,Czech Republic,1.0,laptop,Dillon Inc,2.0,7
231,2022-09-05,23.0,Andrew Rodriguez,Zimbabwe,1.0,laptop,Dillon Inc,2.0,9
232,2022-09-03,6.0,Jeffery Herman,Bahrain,3.0,keyboard,"Harris, Williams and Andrews",63.0,7
233,2022-09-01,16.0,Alexander Smith,Macao,2.0,earphones,"Ayers, Thompson and Gross",59.0,8
234,2022-09-09,25.0,Gregory Walker,Saudi Arabia,3.0,keyboard,"Harris, Williams and Andrews",63.0,8
235,2022-09-03,10.0,Andrew Gallagher,Tokelau,1.0,laptop,Dillon Inc,2.0,2
236,2022-09-14,13.0,Derrick Gonzalez,Malaysia,3.0,keyboard,"Harris, Williams and Andrews",63.0,9
237,2022-09-10,3.0,Cheryl Gonzalez,Singapore,3.0,keyboard,"Harris, Williams and Andrews",63.0,9
238,2022-09-02,15.0,Chelsea Heath,Luxembourg,3.0,keyboard,"Harris, Williams and Andrews",63.0,5
239,2022-09-13,19.0,Scott Paul,Nigeria,3.0,keyboard,"Harris, Williams and Andrews",63.0,9
240,2022-09-07,2.0,Lawrence Schmitt,Austria,3.0,keyboard,"Harris, Williams and Andrews",63.0,8
241,2022-09-01,1.0,Jillian Mitchell,Lebanon,3.0,keyboard,"Harris, Williams and Andrews",63.0,4
242,2022-09-06,29.0,David Dillon,Guatemala,3.0,keyboard,"Harris, Williams and Andrews",63.0,7
243,2022-09-14,9.0,Gary Myers,Czech Republic,3.0,keyboard,"Harris, Williams and Andrews",63.0,5
244,2022-09-05,6.0,Jeffery Herman,Bahrain,1.0,laptop,Dillon Inc,2.0,1
245,2022-09-12,16.0,Alexander Smith,Macao,1.0,laptop,Dillon Inc,2.0,9
246,2022-09-08,25.0,Gregory Walker,Saudi Arabia,1.0,laptop,Dillon Inc,2.0,9
247,2022-09-10,13.0,Derrick Gonzalez,Malaysia,2.0,earphones,"Ayers, Thompson and Gross",59.0,9
248,2022-09-13,30.0,Charles Salas,Canada,1.0,laptop,Dillon Inc,2.0,1
249,2022-09-09,7.0,Caroline Farmer MD,Tonga,2.0,earphones,"Ayers, Thompson and Gross",59.0,2
250,2022-09-12,28.0,Christine Joyce,Sierra Leone,1.0,laptop,Dillon Inc,2.0,10
251,2022-09-04,18.0,Molly Price,Monaco,3.0,keyboard,"Harris, Williams and Andrews",63.0,9
252,2022-09-01,7.0,Caroline Farmer MD,Tonga,3.0,keyboard,"Harris, Williams and Andrews",63.0,1
253,2022-09-03,26.0,Gina Serrano,France,1.0,laptop,Dillon Inc,2.0,8
254,2022-09-07,23.0,Andrew Rodriguez,Zimbabwe,1.0,laptop,Dillon Inc,2.0,4
255,2022-09-11,16.0,Alexander Smith,Macao,1.0,laptop,Dillon Inc,2.0,8
256,2022-09-07,19.0,Scott Paul,Nigeria,2.0,earphones,"Ayers, Thompson and Gross",59.0,4
257,2022-09-03,15.0,Chelsea Heath,Luxembourg,2.0,earphones,"Ayers, Thompson and Gross",59.0,3
258,2022-09-04,9.0,Gary Myers,Czech Republic,2.0,earphones,"Ayers, Thompson and Gross",59.0,3
259,2022-09-14,2.0,Lawrence Schmitt,Austria,1.0,laptop,Dillon Inc,2.0,6
260,2022-09-13,10.0,Andrew Gallagher,Tokelau,2.0,earphones,"Ayers, Thompson and Gross",59.0,1
261,2022-09-09,14.0,Justin Garcia,South Georgia and the South Sandwich Islands,3.0,keyboard,"Harris, Williams and Andrews",63.0,7
262,2022-09-10,10.0,Andrew Gallagher,Tokelau,1.0,laptop,Dillon Inc,2.0,8
263,2022-09-06,6.0,Jeffery Herman,Bahrain,3.0,keyboard,"Harris, Williams and Andrews",63.0,7
264,2022-09-04,13.0,Derrick Gonzalez,Malaysia,3.0,keyboard,"Harris, Williams and Andrews",63.0,3
265,2022-09-02,5.0,Sharon Lee,Zimbabwe,3.0,keyboard,"Harris, Williams and Andrews",63.0,6
266,2022-09-03,16.0,Alexander Smith,Macao,1.0,laptop,Dillon Inc,2.0,1
267,2022-09-14,29.0,David Dillon,Guatemala,3.0,keyboard,"Harris, Williams and Andrews",63.0,6
268,2022-09-12,24.0,Jenna Le,Ukraine,2.0,earphones,"Ayers, Thompson and Gross",59.0,1
269,2022-09-06,14.0,Justin Garcia,South Georgia and the South Sandwich Islands,2.0,earphones,"Ayers, Thompson and Gross",59.0,2
270,2022-09-01,19.0,Scott Paul,Nigeria,1.0,laptop,Dillon Inc,2.0,7
271,2022-09-02,4.0,Jason Stein,Niger,1.0,laptop,Dillon Inc,2.0,1
272,2022-09-08,19.0,Scott Paul,Nigeria,2.0,earphones,"Ayers, Thompson and Gross",59.0,7
273,2022-09-04,1.0,Jillian Mitchell,Lebanon,1.0,laptop,Dillon Inc,2.0,1
274,2022-09-06,7.0,Caroline Farmer MD,Tonga,1.0,laptop,Dillon Inc,2.0,1
275,2022-09-14,6.0,Jeffery Herman,Bahrain,3.0,keyboard,"Harris, Williams and Andrews",63.0,2
276,2022-09-07,8.0,Bradley Lee,Australia,3.0,keyboard,"Harris, Williams and Andrews",63.0,10
277,2022-09-05,24.0,Jenna Le,Ukraine,3.0,keyboard,"Harris, Williams and Andrews",63.0,5
278,2022-09-08,19.0,Scott Paul,Nigeria,3.0,keyboard,"Harris, Williams and Andrews",63.0,9
279,2022-09-13,23.0,Andrew Rodriguez,Zimbabwe,3.0,keyboard,"Harris, Williams and Andrews",63.0,3
280,2022-09-09,27.0,Matthew Harrington,Saint Martin,1.0,laptop,Dillon Inc,2.0,5
281,2022-09-14,11.0,Francisco Delacruz,Jordan,1.0,laptop,Dillon Inc,2.0,10
282,2022-09-13,11.0,Francisco Delacruz,Jordan,1.0,laptop,Dillon Inc,2.0,4
283,2022-09-06,7.0,Caroline Farmer MD,Tonga,3.0,keyboard,"Harris, Williams and Andrews",63.0,6
284,2022-09-10,25.0,Gregory Walker,Saudi Arabia,1.0,laptop,Dillon Inc,2.0,1
285,2022-09-13,4.0,Jason Stein,Niger,2.0,earphones,"Ayers, Thompson and Gross",59.0,7
286,2022-09-08,13.0,Derrick Gonzalez,Malaysia,2.0,earphones,"Ayers, Thompson and Gross",59.0,10
287,2022-09-02,4.0,Jason Stein,Niger,1.0,laptop,Dillon Inc,2.0,10
288,2022-09-01,17.0,Bethany Montgomery,El Salvador,2.0,earphones,"Ayers, Thompson and Gross",59.0,3
289,2022-09-04,18.0,Molly Price,Monaco,2.0,earphones,"Ayers, Thompson and Gross",59.0,4
290,2022-09-08,15.0,Chelsea Heath,Luxembourg,1.0,laptop,Dillon Inc,2.0,1
291,2022-09-14,19.0,Scott Paul,Nigeria,2.0,earphones,"Ayers, Thompson and Gross",59.0,3
292,2022-09-10,11.0,Francisco Delacruz,Jordan,2.0,earphones,"Ayers, Thompson and Gross",59.0,1
293,2022-09-09,11.0,Francisco Delacruz,Jordan,2.0,earphones,"Ayers, Thompson and Gross",59.0,1
294,2022-09-13,17.0,Bethany Montgomery,El Salvador,2.0,earphones,"Ayers, Thompson and Gross",59.0,3
295,2022-09-04,1.0,Jillian Mitchell,Lebanon,1.0,laptop,Dillon Inc,2.0,8
296,2022-09-05,17.0,Bethany Montgomery,El Salvador,1.0,laptop,Dillon Inc,2.0,6
297,2022-09-10,6.0,Jeffery Herman,Bahrain,2.0,earphones,"Ayers, Thompson and Gross",59.0,3
298,2022-09-05,16.0,Alexander Smith,Macao,2.0,earphones,"Ayers, Thompson and Gross",59.0,5
299,2022-09-14,21.0,Katherine Benson,Togo,1.0,laptop,Dillon Inc,2.0,9
300,2022-09-11,18.0,Molly Price,Monaco,2.0,earphones,"Ayers, Thompson and Gross",59.0,8
301,2022-09-01,12.0,Christina Palmer,Guatemala,3.0,keyboard,"Harris, Williams and Andrews",63.0,7
302,2022-09-08,11.0,Francisco Delacruz,Jordan,1.0,laptop,Dillon Inc,2.0,4
303,2022-09-03,11.0,Francisco Delacruz,Jordan,1.0,laptop,Dillon Inc,2.0,10
304,2022-09-01,12.0,Christina Palmer,Guatemala,3.0,keyboard,"Harris, Williams and Andrews",63.0,10
305,2022-09-04,2.0,Lawrence Schmitt,Austria,2.0,earphones,"Ayers, Thompson and Gross",59.0,7
306,2022-09-04,3.0,Cheryl Gonzalez,Singapore,1.0,laptop,Dillon Inc,2.0,6
307,2022-09-10,16.0,Alexander Smith,Macao,2.0,earphones,"Ayers, Thompson and Gross",59.0,7
308,2022-09-13,20.0,Erik Smith,Sweden,1.0,laptop,Dillon Inc,2.0,4
309,2022-09-13,3.0,Cheryl Gonzalez,Singapore,2.0,earphones,"Ayers, Thompson and Gross",59.0,6
310,2022-09-10,4.0,Jason Stein,Niger,2.0,earphones,"Ayers, Thompson and Gross",59.0,4
311,2022-09-08,11.0,Francisco Delacruz,Jordan,3.0,keyboard,"Harris, Williams and Andrews",63.0,8
312,2022-09-08,26.0,Gina Serrano,France,1.0,laptop,Dillon Inc,2.0,7
313,2022-09-12,8.0,Bradley Lee,Australia,3.0,keyboard,"Harris, Williams and Andrews",63.0,4
314,2022-09-06,14.0,Justin Garcia,South Georgia and the South Sandwich Islands,3.0,keyboard,"Harris, Williams and Andrews",63.0,1
315,2022-09-11,20.0,Erik Smith,Sweden,3.0,keyboard,"Harris, Williams and Andrews",63.0,1
316,2022-09-02,18.0,Molly Price,Monaco,2.0,earphones,"Ayers, Thompson and Gross",59.0,5
317,2022-09-10,1.0,Jillian Mitchell,Lebanon,3.0,keyboard,"Harris, Williams and Andrews",63.0,6
318,2022-09-14,8.0,Bradley Lee,Australia,1.0,laptop,Dillon Inc,2.0,3
319,2022-09-01,24.0,Jenna Le,Ukraine,3.0,keyboard,"Harris, Williams and Andrews",63.0,10
320,2022-09-11,22.0,Jill Hill,Cameroon,1.0,laptop,Dillon Inc,2.0,2
321,2022-09-05,13.0,Derrick Gonzalez,Malaysia,3.0,keyboard,"Harris, Williams and Andrews",63.0,7
322,2022-09-12,16.0,Alexander Smith,Macao,1.0,laptop,Dillon Inc,2.0,10
323,2022-09-09,21.0,Katherine Benson,Togo,3.0,keyboard,"Harris, Williams and Andrews",63.0,9
324,2022-09-14,16.0,Alexander Smith,Macao,1.0,laptop,Dillon Inc,2.0,4
325,2022-09-06,23.0,Andrew Rodriguez,Zimbabwe,1.0,laptop,Dillon Inc,2.0,4
326,2022-09-06,30.0,Charles Salas,Canada,3.0,keyboard,"Harris, Williams and Andrews",63.0,10
327,2022-09-08,18.0,Molly Price,Monaco,2.0,earphones,"Ayers, Thompson and Gross",59.0,3
328,2022-09-08,29.0,David Dillon,Guatemala,1.0,laptop,Dillon Inc,2.0,3
329,2022-09-06,13.0,Derrick Gonzalez,Malaysia,3.0,keyboard,"Harris, Williams and Andrews",63.0,7
330,2022-09-03,6.0,Jeffery Herman,Bahrain,2.0,earphones,"Ayers, Thompson and Gross",59.0,4
331,2022-09-10,11.0,Francisco Delacruz,Jordan,2.0,earphones,"Ayers, Thompson and Gross",59.0,6
332,2022-09-01,1.0,Jillian Mitchell,Lebanon,2.0,earphones,"Ayers, Thompson and Gross",59.0,10
333,2022-09-01,27.0,Matthew Harrington,Saint Martin,1.0,laptop,Dillon Inc,2.0,7
334,2022-09-05,19.0,Scott Paul,Nigeria,2.0,earphones,"Ayers, Thompson and Gross",59.0,6
335,2022-09-07,18.0,Molly Price,Monaco,1.0,laptop,Dillon Inc,2.0,4
336,2022-09-12,17.0,Bethany Montgomery,El Salvador,2.0,earphones,"Ayers, Thompson and Gross",59.0,6
337,2022-09-14,18.0,Molly Price,Monaco,2.0,earphones,"Ayers, Thompson and Gross",59.0,7
338,2022-09-13,25.0,Gregory Walker,Saudi Arabia,3.0,keyboard,"Harris, Williams and Andrews",63.0,6
339,2022-09-06,18.0,Molly Price,Monaco,2.0,earphones,"Ayers, Thompson and Gross",59.0,2
340,2022-09-13,22.0,Jill Hill,Cameroon,3.0,keyboard,"Harris, Williams and Andrews",63.0,4
341,2022-09-12,17.0,Bethany Montgomery,El Salvador,1.0,laptop,Dillon Inc,2.0,3
342,2022-09-04,22.0,Jill Hill,Cameroon,3.0,keyboard,"Harris, Williams and Andrews",63.0,9
343,2022-09-06,13.0,Derrick Gonzalez,Malaysia,3.0,keyboard,"Harris, Williams and Andrews",63.0,9
344,2022-09-14,25.0,Gregory Walker,Saudi Arabia,1.0,laptop,Dillon Inc,2.0,5
345,2022-09-08,29.0,David Dillon,Guatemala,1.0,laptop,Dillon Inc,2.0,5
346,2022-09-14,28.0,Christine Joyce,Sierra Leone,1.0,laptop,Dillon Inc,2.0,6
347,2022-09-11,15.0,Chelsea Heath,Luxembourg,3.0,keyboard,"Harris, Williams and Andrews",63.0,4
348,2022-09-14,11.0,Francisco Delacruz,Jordan,1.0,laptop,Dillon Inc,2.0,3
349,2022-09-02,18.0,Molly Price,Monaco,3.0,keyboard,"Harris, Williams and Andrews",63.0,5
350,2022-09-10,16.0,Alexander Smith,Macao,3.0,keyboard,"Harris, Williams and Andrews",63.0,7
351,2022-09-06,17.0,Bethany Montgomery,El Salvador,2.0,earphones,"Ayers, Thompson and Gross",59.0,7
352,2022-09-14,8.0,Bradley Lee,Australia,2.0,earphones,"Ayers, Thompson and Gross",59.0,9
353,2022-09-08,26.0,Gina Serrano,France,1.0,laptop,Dillon Inc,2.0,8
354,2022-09-07,20.0,Erik Smith,Sweden,1.0,laptop,Dillon Inc,2.0,8
355,2022-09-12,23.0,Andrew Rodriguez,Zimbabwe,1.0,laptop,Dillon Inc,2.0,5
356,2022-09-14,6.0,Jeffery Herman,Bahrain,1.0,laptop,Dillon Inc,2.0,6
357,2022-09-13,28.0,Christine Joyce,Sierra Leone,2.0,earphones,"Ayers, Thompson and Gross",59.0,6
358,2022-09-03,17.0,Bethany Montgomery,El Salvador,2.0,earphones,"Ayers, Thompson and Gross",59.0,9
359,2022-09-14,19.0,Scott Paul,Nigeria,3.0,keyboard,"Harris, Williams and Andrews",63.0,5
360,2022-09-08,8.0,Bradley Lee,Australia,1.0,laptop,Dillon Inc,2.0,10
361,2022-09-05,29.0,David Dillon,Guatemala,2.0,earphones,"Ayers, Thompson and Gross",59.0,6
362,2022-09-10,11.0,Francisco Delacruz,Jordan,3.0,keyboard,"Harris, Williams and Andrews",63.0,2
363,2022-09-01,27.0,Matthew Harrington,Saint Martin,1.0,laptop,Dillon Inc,2.0,1
364,2022-09-01,22.0,Jill Hill,Cameroon,3.0,keyboard,"Harris, Williams and Andrews",63.0,9
365,2022-09-11,18.0,Molly Price,Monaco,3.0,keyboard,"Harris, Williams and Andrews",63.0,2
366,2022-09-09,15.0,Chelsea Heath,Luxembourg,3.0,keyboard,"Harris, Williams and Andrews",63.0,5
367,2022-09-06,6.0,Jeffery Herman,Bahrain,1.0,laptop,Dillon Inc,2.0,9
368,2022-09-01,1.0,Jillian Mitchell,Lebanon,2.0,earphones,"Ayers, Thompson and Gross",59.0,9
369,2022-09-08,15.0,Chelsea Heath,Luxembourg,1.0,laptop,Dillon Inc,2.0,5
370,2022-09-02,1.0,Jillian Mitchell,Lebanon,2.0,earphones,"Ayers, Thompson and Gross",59.0,6
371,2022-09-13,25.0,Gregory Walker,Saudi Arabia,2.0,earphones,"Ayers, Thompson and Gross",59.0,2
372,2022-09-10,6.0,Jeffery Herman,Bahrain,1.0,laptop,Dillon Inc,2.0,6
373,2022-09-04,27.0,Matthew Harrington,Saint Martin,1.0,laptop,Dillon Inc,2.0,1
374,2022-09-12,17.0,Bethany Montgomery,El Salvador,3.0,keyboard,"Harris, Williams and Andrews",63.0,1
375,2022-09-06,18.0,Molly Price,Monaco,1.0,laptop,Dillon Inc,2.0,3
376,2022-09-04,23.0,Andrew Rodriguez,Zimbabwe,3.0,keyboard,"Harris, Williams and Andrews",63.0,7
377,2022-09-02,19.0,Scott Paul,Nigeria,3.0,keyboard,"Harris, Williams and Andrews",63.0,4
378,2022-09-13,6.0,Jeffery Herman,Bahrain,2.0,earphones,"Ayers, Thompson and Gross",59.0,10
379,2022-09-10,11.0,Francisco Delacruz,Jordan,1.0,laptop,Dillon Inc,2.0,8
380,2022-09-14,8.0,Bradley Lee,Australia,3.0,keyboard,"Harris, Williams and Andrews",63.0,10
381,2022-09-05,25.0,Gregory Walker,Saudi Arabia,3.0,keyboard,"Harris, Williams and Andrews",63.0,5
382,2022-09-12,21.0,Katherine Benson,Togo,3.0,keyboard,"Harris, Williams and Andrews",63.0,1
383,2022-09-04,15.0,Chelsea Heath,Luxembourg,2.0,earphones,"Ayers, Thompson and Gross",59.0,3
384,2022-09-14,10.0,Andrew Gallagher,Tokelau,2.0,earphones,"Ayers, Thompson and Gross",59.0,1
385,2022-09-10,8.0,Bradley Lee,Australia,1.0,laptop,Dillon Inc,2.0,8
386,2022-09-08,26.0,Gina Serrano,France,2.0,earphones,"Ayers, Thompson and Gross",59.0,9
387,2022-09-06,7.0,Caroline Farmer MD,Tonga,2.0,earphones,"Ayers, Thompson and Gross",59.0,9
388,2022-09-07,19.0,Scott Paul,Nigeria,1.0,laptop,Dillon Inc,2.0,9
389,2022-09-07,9.0,Gary Myers,Czech Republic,3.0,keyboard,"Harris, Williams and Andrews",63.0,1
390,2022-09-10,11.0,Francisco Delacruz,Jordan,3.0,keyboard,"Harris, Williams and Andrews",63.0,1
391,2022-09-12,11.0,Francisco Delacruz,Jordan,1.0,laptop,Dillon Inc,2.0,9
392,2022-09-08,13.0,Derrick Gonzalez,Malaysia,3.0,keyboard,"Harris, Williams and Andrews",63.0,7
393,2022-09-06,21.0,Katherine Benson,Togo,3.0,keyboard,"Harris, Williams and Andrews",63.0,2
394,2022-09-10,10.0,Andrew Gallagher,Tokelau,1.0,laptop,Dillon Inc,2.0,9
395,2022-09-13,26.0,Gina Serrano,France,2.0,earphones,"Ayers, Thompson and Gross",59.0,2
396,2022-09-11,30.0,Charles Salas,Canada,3.0,keyboard,"Harris, Williams and Andrews",63.0,7
397,2022-09-11,20.0,Erik Smith,Sweden,2.0,earphones,"Ayers, Thompson and Gross",59.0,3
398,2022-09-03,8.0,Bradley Lee,Australia,1.0,laptop,Dillon Inc,2.0,1
399,2022-09-06,1.0,Jillian Mitchell,Lebanon,1.0,laptop,Dillon Inc,2.0,6
400,2022-09-07,15.0,Chelsea Heath,Luxembourg,3.0,keyboard,"Harris, Williams and Andrews",63.0,4
401,2022-09-13,18.0,Molly Price,Monaco,1.0,laptop,Dillon Inc,2.0,4
402,2022-09-04,24.0,Jenna Le,Ukraine,2.0,earphones,"Ayers, Thompson and Gross",59.0,2
403,2022-09-08,15.0,Chelsea Heath,Luxembourg,3.0,keyboard,"Harris, Williams and Andrews",63.0,4
404,2022-09-07,7.0,Caroline Farmer MD,Tonga,1.0,laptop,Dillon Inc,2.0,5
405,2022-09-04,7.0,Caroline Farmer MD,Tonga,2.0,earphones,"Ayers, Thompson and Gross",59.0,10
406,2022-09-06,4.0,Jason Stein,Niger,3.0,keyboard,"Harris, Williams and Andrews",63.0,7
407,2022-09-05,15.0,Chelsea Heath,Luxembourg,1.0,laptop,Dillon Inc,2.0,8
408,2022-09-04,9.0,Gary Myers,Czech Republic,3.0,keyboard,"Harris, Williams and Andrews",63.0,1
409,2022-09-03,28.0,Christine Joyce,Sierra Leone,2.0,earphones,"Ayers, Thompson and Gross",59.0,5
410,2022-09-03,9.0,Gary Myers,Czech Republic,1.0,laptop,Dillon Inc,2.0,3
411,2022-09-01,15.0,Chelsea Heath,Luxembourg,3.0,keyboard,"Harris, Williams and Andrews",63.0,7
412,2022-09-06,14.0,Justin Garcia,South Georgia and the South Sandwich Islands,1.0,laptop,Dillon Inc,2.0,4
413,2022-09-05,18.0,Molly Price,Monaco,3.0,keyboard,"Harris, Williams and Andrews",63.0,4
414,2022-09-07,4.0,Jason Stein,Niger,3.0,keyboard,"Harris, Williams and Andrews",63.0,10
415,2022-09-14,12.0,Christina Palmer,Guatemala,3.0,keyboard,"Harris, Williams and Andrews",63.0,6
416,2022-09-02,15.0,Chelsea Heath,Luxembourg,1.0,laptop,Dillon Inc,2.0,3
417,2022-09-07,9.0,Gary Myers,Czech Republic,2.0,earphones,"Ayers, Thompson and Gross",59.0,8
418,2022-09-13,10.0,Andrew Gallagher,Tokelau,3.0,keyboard,"Harris, Williams and Andrews",63.0,10
419,2022-09-03,18.0,Molly Price,Monaco,3.0,keyboard,"Harris, Williams and Andrews",63.0,6
420,2022-09-07,16.0,Alexander Smith,Macao,1.0,laptop,Dillon Inc,2.0,9
421,2022-09-07,20.0,Erik Smith,Sweden,1.0,laptop,Dillon Inc,2.0,6
422,2022-09-03,5.0,Sharon Lee,Zimbabwe,1.0,laptop,Dillon Inc,2.0,3
423,2022-09-14,19.0,Scott Paul,Nigeria,1.0,laptop,Dillon Inc,2.0,6
424,2022-09-14,13.0,Derrick Gonzalez,Malaysia,2.0,earphones,"Ayers, Thompson and Gross",59.0,9
425,2022-09-03,1.0,Jillian Mitchell,Lebanon,2.0,earphones,"Ayers, Thompson and Gross",59.0,9
426,2022-09-01,24.0,Jenna Le,Ukraine,3.0,keyboard,"Harris, Williams and Andrews",63.0,5
427,2022-09-11,10.0,Andrew Gallagher,Tokelau,2.0,earphones,"Ayers, Thompson and Gross",59.0,6
428,2022-09-09,6.0,Jeffery Herman,Bahrain,1.0,laptop,Dillon Inc,2.0,10
429,2022-09-06,6.0,Jeffery Herman,Bahrain,3.0,keyboard,"Harris, Williams and Andrews",63.0,1
430,2022-09-03,22.0,Jill Hill,Cameroon,3.0,keyboard,"Harris, Williams and Andrews",63.0,3
431,2022-09-03,30.0,Charles Salas,Canada,1.0,laptop,Dillon Inc,2.0,3
432,2022-09-07,25.0,Gregory Walker,Saudi Arabia,2.0,earphones,"Ayers, Thompson and Gross",59.0,1
433,2022-09-02,12.0,Christina Palmer,Guatemala,2.0,earphones,"Ayers, Thompson and Gross",59.0,1
434,2022-09-06,16.0,Alexander Smith,Macao,1.0,laptop,Dillon Inc,2.0,4
435,2022-09-09,1.0,Jillian Mitchell,Lebanon,3.0,keyboard,"Harris, Williams and Andrews",63.0,3
436,2022-09-05,19.0,Scott Paul,Nigeria,1.0,laptop,Dillon Inc,2.0,10
437,2022-09-13,28.0,Christine Joyce,Sierra Leone,2.0,earphones,"Ayers, Thompson and Gross",59.0,7
438,2022-09-01,21.0,Katherine Benson,Togo,3.0,keyboard,"Harris, Williams and Andrews",63.0,9
439,2022-09-10,16.0,Alexander Smith,Macao,3.0,keyboard,"Harris, Williams and Andrews",63.0,6
440,2022-09-14,12.0,Christina Palmer,Guatemala,2.0,earphones,"Ayers, Thompson and Gross",59.0,10
441,2022-09-13,8.0,Bradley Lee,Australia,3.0,keyboard,"Harris, Williams and Andrews",63.0,4
442,2022-09-04,1.0,Jillian Mitchell,Lebanon,2.0,earphones,"Ayers, Thompson and Gross",59.0,7
443,2022-09-06,4.0,Jason Stein,Niger,3.0,keyboard,"Harris, Williams and Andrews",63.0,4
444,2022-09-01,11.0,Francisco Delacruz,Jordan,2.0,earphones,"Ayers, Thompson and Gross",59.0,5
445,2022-09-13,22.0,Jill Hill,Cameroon,3.0,keyboard,"Harris, Williams and Andrews",63.0,6
446,2022-09-09,29.0,David Dillon,Guatemala,2.0,earphones,"Ayers, Thompson and Gross",59.0,9
447,2022-09-01,16.0,Alexander Smith,Macao,3.0,keyboard,"Harris, Williams and Andrews",63.0,4
448,2022-09-01,21.0,Katherine Benson,Togo,3.0,keyboard,"Harris, Williams and Andrews",63.0,8
449,2022-09-07,1.0,Jillian Mitchell,Lebanon,3.0,keyboard,"Harris, Williams and Andrews",63.0,9
450,2022-09-09,16.0,Alexander Smith,Macao,1.0,laptop,Dillon Inc,2.0,6
451,2022-09-14,30.0,Charles Salas,Canada,2.0,earphones,"Ayers, Thompson and Gross",59.0,6
452,2022-09-02,6.0,Jeffery Herman,Bahrain,1.0,laptop,Dillon Inc,2.0,3
453,2022-09-11,9.0,Gary Myers,Czech Republic,3.0,keyboard,"Harris, Williams and Andrews",63.0,2
454,2022-09-09,13.0,Derrick Gonzalez,Malaysia,2.0,earphones,"Ayers, Thompson and Gross",59.0,2
455,2022-09-13,7.0,Caroline Farmer MD,Tonga,3.0,keyboard,"Harris, Williams and Andrews",63.0,9
456,2022-09-10,3.0,Cheryl Gonzalez,Singapore,3.0,keyboard,"Harris, Williams and Andrews",63.0,7
457,2022-09-08,2.0,Lawrence Schmitt,Austria,1.0,laptop,Dillon Inc,2.0,6
458,2022-09-11,22.0,Jill Hill,Cameroon,1.0,laptop,Dillon Inc,2.0,9
459,2022-09-08,26.0,Gina Serrano,France,2.0,earphones,"Ayers, Thompson and Gross",59.0,10
460,2022-09-07,29.0,David Dillon,Guatemala,2.0,earphones,"Ayers, Thompson and Gross",59.0,1
461,2022-09-12,17.0,Bethany Montgomery,El Salvador,3.0,keyboard,"Harris, Williams and Andrews",63.0,5
462,2022-09-10,4.0,Jason Stein,Niger,2.0,earphones,"Ayers, Thompson and Gross",59.0,6
463,2022-09-12,20.0,Erik Smith,Sweden,2.0,earphones,"Ayers, Thompson and Gross",59.0,8
464,2022-09-10,14.0,Justin Garcia,South Georgia and the South Sandwich Islands,2.0,earphones,"Ayers, Thompson and Gross",59.0,4
465,2022-09-09,21.0,Katherine Benson,Togo,3.0,keyboard,"Harris, Williams and Andrews",63.0,6
466,2022-09-05,9.0,Gary Myers,Czech Republic,1.0,laptop,Dillon Inc,2.0,6
467,2022-09-01,26.0,Gina Serrano,France,1.0,laptop,Dillon Inc,2.0,6
468,2022-09-07,18.0,Molly Price,Monaco,1.0,laptop,Dillon Inc,2.0,4
469,2022-09-01,24.0,Jenna Le,Ukraine,2.0,earphones,"Ayers, Thompson and Gross",59.0,6
470,2022-09-14,6.0,Jeffery Herman,Bahrain,3.0,keyboard,"Harris, Williams and Andrews",63.0,1
471,2022-09-06,29.0,David Dillon,Guatemala,1.0,laptop,Dillon Inc,2.0,3
472,2022-09-02,20.0,Erik Smith,Sweden,1.0,laptop,Dillon Inc,2.0,6
473,2022-09-07,24.0,Jenna Le,Ukraine,2.0,earphones,"Ayers, Thompson and Gross",59.0,4
474,2022-09-12,23.0,Andrew Rodriguez,Zimbabwe,3.0,keyboard,"Harris, Williams and Andrews",63.0,2
475,2022-09-05,22.0,Jill Hill,Cameroon,2.0,earphones,"Ayers, Thompson and Gross",59.0,1
476,2022-09-14,18.0,Molly Price,Monaco,1.0,laptop,Dillon Inc,2.0,3
477,2022-09-07,13.0,Derrick Gonzalez,Malaysia,2.0,earphones,"Ayers, Thompson and Gross",59.0,2
478,2022-09-06,1.0,Jillian Mitchell,Lebanon,3.0,keyboard,"Harris, Williams and Andrews",63.0,4
479,2022-09-11,11.0,Francisco Delacruz,Jordan,1.0,laptop,Dillon Inc,2.0,8
480,2022-09-14,6.0,Jeffery Herman,Bahrain,3.0,keyboard,"Harris, Williams and Andrews",63.0,5
481,2022-09-04,1.0,Jillian Mitchell,Lebanon,2.0,earphones,"Ayers, Thompson and Gross",59.0,7
482,2022-09-09,4.0,Jason Stein,Niger,3.0,keyboard,"Harris, Williams and Andrews",63.0,1
483,2022-09-13,20.0,Erik Smith,Sweden,1.0,laptop,Dillon Inc,2.0,9
484,2022-09-02,22.0,Jill Hill,Cameroon,1.0,laptop,Dillon Inc,2.0,10
485,2022-09-06,10.0,Andrew Gallagher,Tokelau,1.0,laptop,Dillon Inc,2.0,8
486,2022-09-01,28.0,Christine Joyce,Sierra Leone,1.0,laptop,Dillon Inc,2.0,7
487,2022-09-04,30.0,Charles Salas,Canada,3.0,keyboard,"Harris, Williams and Andrews",63.0,10
488,2022-09-08,8.0,Bradley Lee,Australia,1.0,laptop,Dillon Inc,2.0,7
489,2022-09-07,16.0,Alexander Smith,Macao,1.0,laptop,Dillon Inc,2.0,3
490,2022-09-06,17.0,Bethany Montgomery,El Salvador,1.0,laptop,Dillon Inc,2.0,4
491,2022-09-01,11.0,Francisco Delacruz,Jordan,2.0,earphones,"Ayers, Thompson and Gross",59.0,6
492,2022-09-05,28.0,Christine Joyce,Sierra Leone,2.0,earphones,"Ayers, Thompson and Gross",59.0,9
493,2022-09-10,17.0,Bethany Montgomery,El Salvador,1.0,laptop,Dillon Inc,2.0,10
494,2022-09-14,25.0,Gregory Walker,Saudi Arabia,2.0,earphones,"Ayers, Thompson and Gross",59.0,8
495,2022-09-07,13.0,Derrick Gonzalez,Malaysia,1.0,laptop,Dillon Inc,2.0,3
496,2022-09-01,11.0,Francisco Delacruz,Jordan,1.0,laptop,Dillon Inc,2.0,3
497,2022-09-02,14.0,Justin Garcia,South Georgia and the South Sandwich Islands,3.0,keyboard,"Harris, Williams and Andrews",63.0,4
498,2022-09-07,6.0,Jeffery Herman,Bahrain,3.0,keyboard,"Harris, Williams and Andrews",63.0,2
499,2022-09-06,8.0,Bradley Lee,Australia,1.0,laptop,Dillon Inc,2.0,4
500,2022-09-06,12.0,Christina Palmer,Guatemala,2.0,earphones,"Ayers, Thompson and Gross",59.0,8
501,2022-09-13,24.0,Jenna Le,Ukraine,1.0,laptop,Dillon Inc,2.0,9
502,2022-09-09,26.0,Gina Serrano,France,1.0,laptop,Dillon Inc,2.0,4
503,2022-09-01,25.0,Gregory Walker,Saudi Arabia,1.0,laptop,Dillon Inc,2.0,4
504,2022-09-10,8.0,Bradley Lee,Australia,2.0,earphones,"Ayers, Thompson and Gross",59.0,2
505,2022-09-14,20.0,Erik Smith,Sweden,2.0,earphones,"Ayers, Thompson and Gross",59.0,10
506,2022-09-12,17.0,Bethany Montgomery,El Salvador,1.0,laptop,Dillon Inc,2.0,8
507,2022-09-13,6.0,Jeffery Herman,Bahrain,2.0,earphones,"Ayers, Thompson and Gross",59.0,3
508,2022-09-01,29.0,David Dillon,Guatemala,3.0,keyboard,"Harris, Williams and Andrews",63.0,6
509,2022-09-08,13.0,Derrick Gonzalez,Malaysia,3.0,keyboard,"Harris, Williams and Andrews",63.0,9
510,2022-09-06,18.0,Molly Price,Monaco,3.0,keyboard,"Harris, Williams and Andrews",63.0,3
511,2022-09-07,11.0,Francisco Delacruz,Jordan,1.0,laptop,Dillon Inc,2.0,5
512,2022-09-01,7.0,Caroline Farmer MD,Tonga,3.0,keyboard,"Harris, Williams and Andrews",63.0,5
513,2022-09-12,3.0,Cheryl Gonzalez,Singapore,1.0,laptop,Dillon Inc,2.0,3
514,2022-09-12,6.0,Jeffery Herman,Bahrain,2.0,earphones,"Ayers, Thompson and Gross",59.0,10
515,2022-09-13,26.0,Gina Serrano,France,3.0,keyboard,"Harris, Williams and Andrews",63.0,4
516,2022-09-05,25.0,Gregory Walker,Saudi Arabia,3.0,keyboard,"Harris, Williams and Andrews",63.0,6
517,2022-09-03,11.0,Francisco Delacruz,Jordan,3.0,keyboard,"Harris, Williams and Andrews",63.0,3
518,2022-09-10,19.0,Scott Paul,Nigeria,3.0,keyboard,"Harris, Williams and Andrews",63.0,6
519,2022-09-04,23.0,Andrew Rodriguez,Zimbabwe,1.0,laptop,Dillon Inc,2.0,3
520,2022-09-04,13.0,Derrick Gonzalez,Malaysia,1.0,laptop,Dillon Inc,2.0,7
521,2022-09-07,12.0,Christina Palmer,Guatemala,2.0,earphones,"Ayers, Thompson and Gross",59.0,3
522,2022-09-06,10.0,Andrew Gallagher,Tokelau,2.0,earphones,"Ayers, Thompson and Gross",59.0,2
523,2022-09-07,9.0,Gary Myers,Czech Republic,2.0,earphones,"Ayers, Thompson and Gross",59.0,3
524,2022-09-11,5.0,Sharon Lee,Zimbabwe,3.0,keyboard,"Harris, Williams and Andrews",63.0,9
525,2022-09-06,19.0,Scott Paul,Nigeria,1.0,laptop,Dillon Inc,2.0,3
526,2022-09-01,21.0,Katherine Benson,Togo,3.0,keyboard,"Harris, Williams and Andrews",63.0,9
527,2022-09-01,14.0,Justin Garcia,South Georgia and the South Sandwich Islands,1.0,laptop,Dillon Inc,2.0,10
528,2022-09-09,25.0,Gregory Walker,Saudi Arabia,2.0,earphones,"Ayers, Thompson and Gross",59.0,10
529,2022-09-10,3.0,Cheryl Gonzalez,Singapore,2.0,earphones,"Ayers, Thompson and Gross",59.0,10
530,2022-09-04,21.0,Katherine Benson,Togo,2.0,earphones,"Ayers, Thompson and Gross",59.0,9
531,2022-09-02,28.0,Christine Joyce,Sierra Leone,1.0,laptop,Dillon Inc,2.0,10
532,2022-09-12,11.0,Francisco Delacruz,Jordan,3.0,keyboard,"Harris, Williams and Andrews",63.0,4
533,2022-09-04,15.0,Chelsea Heath,Luxembourg,3.0,keyboard,"Harris, Williams and Andrews",63.0,9
534,2022-09-03,17.0,Bethany Montgomery,El Salvador,2.0,earphones,"Ayers, Thompson and Gross",59.0,9
535,2022-09-13,21.0,Katherine Benson,Togo,3.0,keyboard,"Harris, Williams and Andrews",63.0,8
536,2022-09-12,11.0,Francisco Delacruz,Jordan,3.0,keyboard,"Harris, Williams and Andrews",63.0,5
537,2022-09-05,9.0,Gary Myers,Czech Republic,3.0,keyboard,"Harris, Williams and Andrews",63.0,6
538,2022-09-07,24.0,Jenna Le,Ukraine,3.0,keyboard,"Harris, Williams and Andrews",63.0,5
539,2022-09-06,11.0,Francisco Delacruz,Jordan,1.0,laptop,Dillon Inc,2.0,9
540,2022-09-09,10.0,Andrew Gallagher,Tokelau,1.0,laptop,Dillon Inc,2.0,10
541,2022-09-09,5.0,Sharon Lee,Zimbabwe,1.0,laptop,Dillon Inc,2.0,2
542,2022-09-05,14.0,Justin Garcia,South Georgia and the South Sandwich Islands,3.0,keyboard,"Harris, Williams and Andrews",63.0,7
543,2022-09-07,6.0,Jeffery Herman,Bahrain,3.0,keyboard,"Harris, Williams and Andrews",63.0,1
544,2022-09-06,22.0,Jill Hill,Cameroon,2.0,earphones,"Ayers, Thompson and Gross",59.0,3
545,2022-09-02,9.0,Gary Myers,Czech Republic,3.0,keyboard,"Harris, Williams and Andrews",63.0,8
546,2022-09-06,16.0,Alexander Smith,Macao,3.0,keyboard,"Harris, Williams and Andrews",63.0,2
547,2022-09-05,24.0,Jenna Le,Ukraine,2.0,earphones,"Ayers, Thompson and Gross",59.0,9
548,2022-09-11,8.0,Bradley Lee,Australia,3.0,keyboard,"Harris, Williams and Andrews",63.0,6
549,2022-09-12,9.0,Gary Myers,Czech Republic,3.0,keyboard,"Harris, Williams and Andrews",63.0,9
550,2022-09-01,13.0,Derrick Gonzalez,Malaysia,2.0,earphones,"Ayers, Thompson and Gross",59.0,4
551,2022-09-11,19.0,Scott Paul,Nigeria,2.0,earphones,"Ayers, Thompson and Gross",59.0,2
552,2022-09-06,26.0,Gina Serrano,France,3.0,keyboard,"Harris, Williams and Andrews",63.0,1
553,2022-09-08,1.0,Jillian Mitchell,Lebanon,2.0,earphones,"Ayers, Thompson and Gross",59.0,2
554,2022-09-11,28.0,Christine Joyce,Sierra Leone,3.0,keyboard,"Harris, Williams and Andrews",63.0,2
555,2022-09-13,20.0,Erik Smith,Sweden,2.0,earphones,"Ayers, Thompson and Gross",59.0,10
556,2022-09-12,24.0,Jenna Le,Ukraine,1.0,laptop,Dillon Inc,2.0,5
557,2022-09-04,14.0,Justin Garcia,South Georgia and the South Sandwich Islands,2.0,earphones,"Ayers, Thompson and Gross",59.0,8
558,2022-09-12,10.0,Andrew Gallagher,Tokelau,2.0,earphones,"Ayers, Thompson and Gross",59.0,9
559,2022-09-01,17.0,Bethany Montgomery,El Salvador,1.0,laptop,Dillon Inc,2.0,4
560,2022-09-12,5.0,Sharon Lee,Zimbabwe,3.0,keyboard,"Harris, Williams and Andrews",63.0,4
561,2022-09-01,25.0,Gregory Walker,Saudi Arabia,2.0,earphones,"Ayers, Thompson and Gross",59.0,9
562,2022-09-01,15.0,Chelsea Heath,Luxembourg,2.0,earphones,"Ayers, Thompson and Gross",59.0,3
563,2022-09-02,10.0,Andrew Gallagher,Tokelau,1.0,laptop,Dillon Inc,2.0,1
564,2022-09-12,1.0,Jillian Mitchell,Lebanon,3.0,keyboard,"Harris, Williams and Andrews",63.0,9
565,2022-09-11,16.0,Alexander Smith,Macao,2.0,earphones,"Ayers, Thompson and Gross",59.0,1
566,2022-09-14,2.0,Lawrence Schmitt,Austria,2.0,earphones,"Ayers, Thompson and Gross",59.0,10
567,2022-09-14,28.0,Christine Joyce,Sierra Leone,3.0,keyboard,"Harris, Williams and Andrews",63.0,6
568,2022-09-05,7.0,Caroline Farmer MD,Tonga,2.0,earphones,"Ayers, Thompson and Gross",59.0,4
569,2022-09-03,24.0,Jenna Le,Ukraine,3.0,keyboard,"Harris, Williams and Andrews",63.0,8
570,2022-09-02,13.0,Derrick Gonzalez,Malaysia,1.0,laptop,Dillon Inc,2.0,5
571,2022-09-08,11.0,Francisco Delacruz,Jordan,1.0,laptop,Dillon Inc,2.0,9
572,2022-09-14,17.0,Bethany Montgomery,El Salvador,3.0,keyboard,"Harris, Williams and Andrews",63.0,9
573,2022-09-07,14.0,Justin Garcia,South Georgia and the South Sandwich Islands,3.0,keyboard,"Harris, Williams and Andrews",63.0,2
574,2022-09-10,20.0,Erik Smith,Sweden,2.0,earphones,"Ayers, Thompson and Gross",59.0,7
575,2022-09-06,15.0,Chelsea Heath,Luxembourg,2.0,earphones,"Ayers, Thompson and Gross",59.0,10
576,2022-09-09,24.0,Jenna Le,Ukraine,2.0,earphones,"Ayers, Thompson and Gross",59.0,9
577,2022-09-08,9.0,Gary Myers,Czech Republic,2.0,earphones,"Ayers, Thompson and Gross",59.0,9
578,2022-09-05,5.0,Sharon Lee,Zimbabwe,3.0,keyboard,"Harris, Williams and Andrews",63.0,7
579,2022-09-05,25.0,Gregory Walker,Saudi Arabia,2.0,earphones,"Ayers, Thompson and Gross",59.0,9
580,2022-09-11,19.0,Scott Paul,Nigeria,3.0,keyboard,"Harris, Williams and Andrews",63.0,4
581,2022-09-05,11.0,Francisco Delacruz,Jordan,2.0,earphones,"Ayers, Thompson and Gross",59.0,8
582,2022-09-09,28.0,Christine Joyce,Sierra Leone,2.0,earphones,"Ayers, Thompson and Gross",59.0,3
583,2022-09-14,24.0,Jenna Le,Ukraine,2.0,earphones,"Ayers, Thompson and Gross",59.0,3
584,2022-09-14,18.0,Molly Price,Monaco,2.0,earphones,"Ayers, Thompson and Gross",59.0,1
585,2022-09-08,14.0,Justin Garcia,South Georgia and the South Sandwich Islands,3.0,keyboard,"Harris, Williams and Andrews",63.0,1
586,2022-09-07,29.0,David Dillon,Guatemala,2.0,earphones,"Ayers, Thompson and Gross",59.0,4
587,2022-09-10,17.0,Bethany Montgomery,El Salvador,1.0,laptop,Dillon Inc,2.0,8
588,2022-09-09,7.0,Caroline Farmer MD,Tonga,1.0,laptop,Dillon Inc,2.0,3
589,2022-09-01,26.0,Gina Serrano,France,1.0,laptop,Dillon Inc,2.0,4
590,2022-09-07,10.0,Andrew Gallagher,Tokelau,3.0,keyboard,"Harris, Williams and Andrews",63.0,4
591,2022-09-13,13.0,Derrick Gonzalez,Malaysia,2.0,earphones,"Ayers, Thompson and Gross",59.0,6
592,2022-09-05,25.0,Gregory Walker,Saudi Arabia,1.0,laptop,Dillon Inc,2.0,3
593,2022-09-09,17.0,Bethany Montgomery,El Salvador,2.0,earphones,"Ayers, Thompson and Gross",59.0,1
594,2022-09-13,21.0,Katherine Benson,Togo,1.0,laptop,Dillon Inc,2.0,8
595,2022-09-04,30.0,Charles Salas,Canada,3.0,keyboard,"Harris, Williams and Andrews",63.0,9
596,2022-09-03,19.0,Scott Paul,Nigeria,2.0,earphones,"Ayers, Thompson and Gross",59.0,1
597,2022-09-05,19.0,Scott Paul,Nigeria,3.0,keyboard,"Harris, Williams and Andrews",63.0,2
598,2022-09-14,25.0,Gregory Walker,Saudi Arabia,3.0,keyboard,"Harris, Williams and Andrews",63.0,10
599,2022-09-04,26.0,Gina Serrano,France,3.0,keyboard,"Harris, Williams and Andrews",63.0,1
600,2022-09-13,14.0,Justin Garcia,South Georgia and the South Sandwich Islands,3.0,keyboard,"Harris, Williams and Andrews",63.0,1
601,2022-09-10,21.0,Katherine Benson,Togo,2.0,earphones,"Ayers, Thompson and Gross",59.0,4
602,2022-09-02,12.0,Christina Palmer,Guatemala,3.0,keyboard,"Harris, Williams and Andrews",63.0,2
603,2022-09-03,10.0,Andrew Gallagher,Tokelau,1.0,laptop,Dillon Inc,2.0,2
604,2022-09-10,28.0,Christine Joyce,Sierra Leone,1.0,laptop,Dillon Inc,2.0,1
605,2022-09-14,6.0,Jeffery Herman,Bahrain,1.0,laptop,Dillon Inc,2.0,7
606,2022-09-03,8.0,Bradley Lee,Australia,1.0,laptop,Dillon Inc,2.0,8
607,2022-09-12,3.0,Cheryl Gonzalez,Singapore,1.0,laptop,Dillon Inc,2.0,3
608,2022-09-11,8.0,Bradley Lee,Australia,1.0,laptop,Dillon Inc,2.0,1
609,2022-09-12,26.0,Gina Serrano,France,3.0,keyboard,"Harris, Williams and Andrews",63.0,7
610,2022-09-04,30.0,Charles Salas,Canada,3.0,keyboard,"Harris, Williams and Andrews",63.0,3
611,2022-09-03,8.0,Bradley Lee,Australia,2.0,earphones,"Ayers, Thompson and Gross",59.0,5
612,2022-09-09,16.0,Alexander Smith,Macao,2.0,earphones,"Ayers, Thompson and Gross",59.0,8
613,2022-09-14,25.0,Gregory Walker,Saudi Arabia,3.0,keyboard,"Harris, Williams and Andrews",63.0,6
614,2022-09-05,22.0,Jill Hill,Cameroon,1.0,laptop,Dillon Inc,2.0,1
615,2022-09-01,30.0,Charles Salas,Canada,3.0,keyboard,"Harris, Williams and Andrews",63.0,2
616,2022-09-08,27.0,Matthew Harrington,Saint Martin,2.0,earphones,"Ayers, Thompson and Gross",59.0,3
617,2022-09-06,22.0,Jill Hill,Cameroon,3.0,keyboard,"Harris, Williams and Andrews",63.0,3
618,2022-09-09,18.0,Molly Price,Monaco,3.0,keyboard,"Harris, Williams and Andrews",63.0,6
619,2022-09-07,18.0,Molly Price,Monaco,2.0,earphones,"Ayers, Thompson and Gross",59.0,10
620,2022-09-07,14.0,Justin Garcia,South Georgia and the South Sandwich Islands,1.0,laptop,Dillon Inc,2.0,3
621,2022-09-14,7.0,Caroline Farmer MD,Tonga,2.0,earphones,"Ayers, Thompson and Gross",59.0,1
622,2022-09-11,12.0,Christina Palmer,Guatemala,2.0,earphones,"Ayers, Thompson and Gross",59.0,8
623,2022-09-01,8.0,Bradley Lee,Australia,2.0,earphones,"Ayers, Thompson and Gross",59.0,1
624,2022-09-11,26.0,Gina Serrano,France,3.0,keyboard,"Harris, Williams and Andrews",63.0,10
625,2022-09-12,28.0,Christine Joyce,Sierra Leone,2.0,earphones,"Ayers, Thompson and Gross",59.0,8
626,2022-09-13,28.0,Christine Joyce,Sierra Leone,3.0,keyboard,"Harris, Williams and Andrews",63.0,10
627,2022-09-10,9.0,Gary Myers,Czech Republic,3.0,keyboard,"Harris, Williams and Andrews",63.0,3
628,2022-09-10,15.0,Chelsea Heath,Luxembourg,3.0,keyboard,"Harris, Williams and Andrews",63.0,3
629,2022-09-05,29.0,David Dillon,Guatemala,2.0,earphones,"Ayers, Thompson and Gross",59.0,6
630,2022-09-04,25.0,Gregory Walker,Saudi Arabia,1.0,laptop,Dillon Inc,2.0,2
631,2022-09-12,12.0,Christina Palmer,Guatemala,1.0,laptop,Dillon Inc,2.0,2
632,2022-09-12,11.0,Francisco Delacruz,Jordan,3.0,keyboard,"Harris, Williams and Andrews",63.0,10
633,2022-09-09,24.0,Jenna Le,Ukraine,3.0,keyboard,"Harris, Williams and Andrews",63.0,3
634,2022-09-07,12.0,Christina Palmer,Guatemala,3.0,keyboard,"Harris, Williams and Andrews",63.0,8
635,2022-09-03,7.0,Caroline Farmer MD,Tonga,3.0,keyboard,"Harris, Williams and Andrews",63.0,9
636,2022-09-09,1.0,Jillian Mitchell,Lebanon,1.0,laptop,Dillon Inc,2.0,9
637,2022-09-08,24.0,Jenna Le,Ukraine,1.0,laptop,Dillon Inc,2.0,9
638,2022-09-03,13.0,Derrick Gonzalez,Malaysia,1.0,laptop,Dillon Inc,2.0,2
639,2022-09-12,2.0,Lawrence Schmitt,Austria,3.0,keyboard,"Harris, Williams and Andrews",63.0,4
640,2022-09-05,28.0,Christine Joyce,Sierra Leone,3.0,keyboard,"Harris, Williams and Andrews",63.0,1
641,2022-09-04,22.0,Jill Hill,Cameroon,2.0,earphones,"Ayers, Thompson and Gross",59.0,8
642,2022-09-11,20.0,Erik Smith,Sweden,3.0,keyboard,"Harris, Williams and Andrews",63.0,2
643,2022-09-10,21.0,Katherine Benson,Togo,3.0,keyboard,"Harris, Williams and Andrews",63.0,10
644,2022-09-14,2.0,Lawrence Schmitt,Austria,2.0,earphones,"Ayers, Thompson and Gross",59.0,1
645,2022-09-09,25.0,Gregory Walker,Saudi Arabia,1.0,laptop,Dillon Inc,2.0,2
646,2022-09-06,6.0,Jeffery Herman,Bahrain,1.0,laptop,Dillon Inc,2.0,2
647,2022-09-05,25.0,Gregory Walker,Saudi Arabia,1.0,laptop,Dillon Inc,2.0,1
648,2022-09-02,15.0,Chelsea Heath,Luxembourg,1.0,laptop,Dillon Inc,2.0,9
649,2022-09-12,6.0,Jeffery Herman,Bahrain,2.0,earphones,"Ayers, Thompson and Gross",59.0,3
650,2022-09-09,15.0,Chelsea Heath,Luxembourg,2.0,earphones,"Ayers, Thompson and Gross",59.0,9
651,2022-09-12,17.0,Bethany Montgomery,El Salvador,2.0,earphones,"Ayers, Thompson and Gross",59.0,10
652,2022-09-12,14.0,Justin Garcia,South Georgia and the South Sandwich Islands,3.0,keyboard,"Harris, Williams and Andrews",63.0,2
653,2022-09-11,5.0,Sharon Lee,Zimbabwe,3.0,keyboard,"Harris, Williams and Andrews",63.0,3
654,2022-09-14,25.0,Gregory Walker,Saudi Arabia,2.0,earphones,"Ayers, Thompson and Gross",59.0,9
655,2022-09-11,28.0,Christine Joyce,Sierra Leone,2.0,earphones,"Ayers, Thompson and Gross",59.0,8
656,2022-09-01,12.0,Christina Palmer,Guatemala,1.0,laptop,Dillon Inc,2.0,3
657,2022-09-10,10.0,Andrew Gallagher,Tokelau,1.0,laptop,Dillon Inc,2.0,10
658,2022-09-14,8.0,Bradley Lee,Australia,1.0,laptop,Dillon Inc,2.0,1
659,2022-09-14,30.0,Charles Salas,Canada,2.0,earphones,"Ayers, Thompson and Gross",59.0,1
660,2022-09-13,15.0,Chelsea Heath,Luxembourg,3.0,keyboard,"Harris, Williams and Andrews",63.0,6
661,2022-09-05,9.0,Gary Myers,Czech Republic,2.0,earphones,"Ayers, Thompson and Gross",59.0,2
662,2022-09-11,26.0,Gina Serrano,France,2.0,earphones,"Ayers, Thompson and Gross",59.0,4
663,2022-09-02,18.0,Molly Price,Monaco,2.0,earphones,"Ayers, Thompson and Gross",59.0,2
664,2022-09-11,15.0,Chelsea Heath,Luxembourg,2.0,earphones,"Ayers, Thompson and Gross",59.0,5
665,2022-09-03,13.0,Derrick Gonzalez,Malaysia,2.0,earphones,"Ayers, Thompson and Gross",59.0,2
666,2022-09-04,26.0,Gina Serrano,France,3.0,keyboard,"Harris, Williams and Andrews",63.0,2
667,2022-09-06,4.0,Jason Stein,Niger,1.0,laptop,Dillon Inc,2.0,1
668,2022-09-01,13.0,Derrick Gonzalez,Malaysia,2.0,earphones,"Ayers, Thompson and Gross",59.0,4
669,2022-09-12,22.0,Jill Hill,Cameroon,2.0,earphones,"Ayers, Thompson and Gross",59.0,7
670,2022-09-01,24.0,Jenna Le,Ukraine,3.0,keyboard,"Harris, Williams and Andrews",63.0,4
671,2022-09-12,21.0,Katherine Benson,Togo,1.0,laptop,Dillon Inc,2.0,1
672,2022-09-02,20.0,Erik Smith,Sweden,2.0,earphones,"Ayers, Thompson and Gross",59.0,4
673,2022-09-03,17.0,Bethany Montgomery,El Salvador,2.0,earphones,"Ayers, Thompson and Gross",59.0,7
674,2022-09-07,20.0,Erik Smith,Sweden,1.0,laptop,Dillon Inc,2.0,5
675,2022-09-03,29.0,David Dillon,Guatemala,2.0,earphones,"Ayers, Thompson and Gross",59.0,8
676,2022-09-14,6.0,Jeffery Herman,Bahrain,2.0,earphones,"Ayers, Thompson and Gross",59.0,8
677,2022-09-05,23.0,Andrew Rodriguez,Zimbabwe,3.0,keyboard,"Harris, Williams and Andrews",63.0,3
678,2022-09-05,11.0,Francisco Delacruz,Jordan,1.0,laptop,Dillon Inc,2.0,6
679,2022-09-09,30.0,Charles Salas,Canada,3.0,keyboard,"Harris, Williams and Andrews",63.0,9
680,2022-09-05,14.0,Justin Garcia,South Georgia and the South Sandwich Islands,1.0,laptop,Dillon Inc,2.0,9
681,2022-09-04,10.0,Andrew Gallagher,Tokelau,2.0,earphones,"Ayers, Thompson and Gross",59.0,7
682,2022-09-11,16.0,Alexander Smith,Macao,2.0,earphones,"Ayers, Thompson and Gross",59.0,4
683,2022-09-10,4.0,Jason Stein,Niger,3.0,keyboard,"Harris, Williams and Andrews",63.0,3
684,2022-09-10,23.0,Andrew Rodriguez,Zimbabwe,1.0,laptop,Dillon Inc,2.0,10
685,2022-09-02,10.0,Andrew Gallagher,Tokelau,2.0,earphones,"Ayers, Thompson and Gross",59.0,6
686,2022-09-12,11.0,Francisco Delacruz,Jordan,1.0,laptop,Dillon Inc,2.0,10
687,2022-09-02,6.0,Jeffery Herman,Bahrain,3.0,keyboard,"Harris, Williams and Andrews",63.0,1
688,2022-09-07,7.0,Caroline Farmer MD,Tonga,3.0,keyboard,"Harris, Williams and Andrews",63.0,8
689,2022-09-01,1.0,Jillian Mitchell,Lebanon,2.0,earphones,"Ayers, Thompson and Gross",59.0,3
690,2022-09-11,11.0,Francisco Delacruz,Jordan,3.0,keyboard,"Harris, Williams and Andrews",63.0,7
691,2022-09-02,19.0,Scott Paul,Nigeria,3.0,keyboard,"Harris, Williams and Andrews",63.0,9
692,2022-09-08,6.0,Jeffery Herman,Bahrain,1.0,laptop,Dillon Inc,2.0,3
693,2022-09-10,13.0,Derrick Gonzalez,Malaysia,3.0,keyboard,"Harris, Williams and Andrews",63.0,6
694,2022-09-05,14.0,Justin Garcia,South Georgia and the South Sandwich Islands,2.0,earphones,"Ayers, Thompson and Gross",59.0,1
695,2022-09-14,27.0,Matthew Harrington,Saint Martin,1.0,laptop,Dillon Inc,2.0,7
696,2022-09-03,4.0,Jason Stein,Niger,2.0,earphones,"Ayers, Thompson and Gross",59.0,1
697,2022-09-07,29.0,David Dillon,Guatemala,1.0,laptop,Dillon Inc,2.0,10
698,2022-09-11,7.0,Caroline Farmer MD,Tonga,2.0,earphones,"Ayers, Thompson and Gross",59.0,8
699,2022-09-13,5.0,Sharon Lee,Zimbabwe,3.0,keyboard,"Harris, Williams and Andrews",63.0,9
700,2022-09-01,23.0,Andrew Rodriguez,Zimbabwe,3.0,keyboard,"Harris, Williams and Andrews",63.0,6
701,2022-09-13,4.0,Jason Stein,Niger,2.0,earphones,"Ayers, Thompson and Gross",59.0,5
702,2022-09-02,9.0,Gary Myers,Czech Republic,3.0,keyboard,"Harris, Williams and Andrews",63.0,3
703,2022-09-10,24.0,Jenna Le,Ukraine,3.0,keyboard,"Harris, Williams and Andrews",63.0,2
704,2022-09-03,26.0,Gina Serrano,France,1.0,laptop,Dillon Inc,2.0,8
705,2022-09-10,15.0,Chelsea Heath,Luxembourg,2.0,earphones,"Ayers, Thompson and Gross",59.0,6
706,2022-09-05,7.0,Caroline Farmer MD,Tonga,2.0,earphones,"Ayers, Thompson and Gross",59.0,1
707,2022-09-09,3.0,Cheryl Gonzalez,Singapore,2.0,earphones,"Ayers, Thompson and Gross",59.0,3
708,2022-09-08,18.0,Molly Price,Monaco,2.0,earphones,"Ayers, Thompson and Gross",59.0,5
709,2022-09-04,19.0,Scott Paul,Nigeria,2.0,earphones,"Ayers, Thompson and Gross",59.0,1
710,2022-09-13,23.0,Andrew Rodriguez,Zimbabwe,3.0,keyboard,"Harris, Williams and Andrews",63.0,8
711,2022-09-12,24.0,Jenna Le,Ukraine,2.0,earphones,"Ayers, Thompson and Gross",59.0,8
712,2022-09-04,7.0,Caroline Farmer MD,Tonga,3.0,keyboard,"Harris, Williams and Andrews",63.0,5
713,2022-09-12,19.0,Scott Paul,Nigeria,3.0,keyboard,"Harris, Williams and Andrews",63.0,8
714,2022-09-14,5.0,Sharon Lee,Zimbabwe,2.0,earphones,"Ayers, Thompson and Gross",59.0,4
715,2022-09-08,7.0,Caroline Farmer MD,Tonga,2.0,earphones,"Ayers, Thompson and Gross",59.0,10
716,2022-09-14,26.0,Gina Serrano,France,2.0,earphones,"Ayers, Thompson and Gross",59.0,3
717,2022-09-01,20.0,Erik Smith,Sweden,2.0,earphones,"Ayers, Thompson and Gross",59.0,8
718,2022-09-09,5.0,Sharon Lee,Zimbabwe,3.0,keyboard,"Harris, Williams and Andrews",63.0,8
719,2022-09-05,19.0,Scott Paul,Nigeria,1.0,laptop,Dillon Inc,2.0,2
720,2022-09-01,9.0,Gary Myers,Czech Republic,3.0,keyboard,"Harris, Williams and Andrews",63.0,9
721,2022-09-10,21.0,Katherine Benson,Togo,2.0,earphones,"Ayers, Thompson and Gross",59.0,6
722,2022-09-05,19.0,Scott Paul,Nigeria,3.0,keyboard,"Harris, Williams and Andrews",63.0,5
723,2022-09-05,24.0,Jenna Le,Ukraine,2.0,earphones,"Ayers, Thompson and Gross",59.0,5
724,2022-09-05,29.0,David Dillon,Guatemala,3.0,keyboard,"Harris, Williams and Andrews",63.0,1
725,2022-09-07,6.0,Jeffery Herman,Bahrain,3.0,keyboard,"Harris, Williams and Andrews",63.0,4
726,2022-09-14,17.0,Bethany Montgomery,El Salvador,3.0,keyboard,"Harris, Williams and Andrews",63.0,1
727,2022-09-07,14.0,Justin Garcia,South Georgia and the South Sandwich Islands,2.0,earphones,"Ayers, Thompson and Gross",59.0,3
728,2022-09-11,21.0,Katherine Benson,Togo,1.0,laptop,Dillon Inc,2.0,9
729,2022-09-05,11.0,Francisco Delacruz,Jordan,2.0,earphones,"Ayers, Thompson and Gross",59.0,1
730,2022-09-13,15.0,Chelsea Heath,Luxembourg,1.0,laptop,Dillon Inc,2.0,3
731,2022-09-09,15.0,Chelsea Heath,Luxembourg,1.0,laptop,Dillon Inc,2.0,7
732,2022-09-14,22.0,Jill Hill,Cameroon,1.0,laptop,Dillon Inc,2.0,7
733,2022-09-13,18.0,Molly Price,Monaco,3.0,keyboard,"Harris, Williams and Andrews",63.0,6
734,2022-09-04,26.0,Gina Serrano,France,1.0,laptop,Dillon Inc,2.0,6
735,2022-09-04,24.0,Jenna Le,Ukraine,2.0,earphones,"Ayers, Thompson and Gross",59.0,8
736,2022-09-04,11.0,Francisco Delacruz,Jordan,3.0,keyboard,"Harris, Williams and Andrews",63.0,2
737,2022-09-05,3.0,Cheryl Gonzalez,Singapore,1.0,laptop,Dillon Inc,2.0,7
738,2022-09-08,16.0,Alexander Smith,Macao,2.0,earphones,"Ayers, Thompson and Gross",59.0,9
739,2022-09-07,25.0,Gregory Walker,Saudi Arabia,3.0,keyboard,"Harris, Williams and Andrews",63.0,5
740,2022-09-05,18.0,Molly Price,Monaco,1.0,laptop,Dillon Inc,2.0,10
741,2022-09-03,29.0,David Dillon,Guatemala,2.0,earphones,"Ayers, Thompson and Gross",59.0,7
742,2022-09-04,13.0,Derrick Gonzalez,Malaysia,1.0,laptop,Dillon Inc,2.0,3
743,2022-09-14,16.0,Alexander Smith,Macao,1.0,laptop,Dillon Inc,2.0,3
744,2022-09-03,24.0,Jenna Le,Ukraine,1.0,laptop,Dillon Inc,2.0,4
745,2022-09-05,2.0,Lawrence Schmitt,Austria,1.0,laptop,Dillon Inc,2.0,3
746,2022-09-03,25.0,Gregory Walker,Saudi Arabia,3.0,keyboard,"Harris, Williams and Andrews",63.0,3
747,2022-09-03,25.0,Gregory Walker,Saudi Arabia,2.0,earphones,"Ayers, Thompson and Gross",59.0,1
748,2022-09-12,2.0,Lawrence Schmitt,Austria,2.0,earphones,"Ayers, Thompson and Gross",59.0,9
749,2022-09-08,16.0,Alexander Smith,Macao,3.0,keyboard,"Harris, Williams and Andrews",63.0,10
750,2022-09-06,19.0,Scott Paul,Nigeria,3.0,keyboard,"Harris, Williams and Andrews",63.0,3
751,2022-09-09,1.0,Jillian Mitchell,Lebanon,1.0,laptop,Dillon Inc,2.0,7
752,2022-09-08,5.0,Sharon Lee,Zimbabwe,2.0,earphones,"Ayers, Thompson and Gross",59.0,10
753,2022-09-04,1.0,Jillian Mitchell,Lebanon,2.0,earphones,"Ayers, Thompson and Gross",59.0,9
754,2022-09-10,2.0,Lawrence Schmitt,Austria,3.0,keyboard,"Harris, Williams and Andrews",63.0,3
755,2022-09-01,17.0,Bethany Montgomery,El Salvador,3.0,keyboard,"Harris, Williams and Andrews",63.0,7
756,2022-09-09,4.0,Jason Stein,Niger,1.0,laptop,Dillon Inc,2.0,2
757,2022-09-04,21.0,Katherine Benson,Togo,3.0,keyboard,"Harris, Williams and Andrews",63.0,8
758,2022-09-13,9.0,Gary Myers,Czech Republic,2.0,earphones,"Ayers, Thompson and Gross",59.0,10
759,2022-09-03,16.0,Alexander Smith,Macao,3.0,keyboard,"Harris, Williams and Andrews",63.0,1
760,2022-09-01,27.0,Matthew Harrington,Saint Martin,2.0,earphones,"Ayers, Thompson and Gross",59.0,9
761,2022-09-08,20.0,Erik Smith,Sweden,3.0,keyboard,"Harris, Williams and Andrews",63.0,8
762,2022-09-01,11.0,Francisco Delacruz,Jordan,1.0,laptop,Dillon Inc,2.0,5
763,2022-09-11,25.0,Gregory Walker,Saudi Arabia,2.0,earphones,"Ayers, Thompson and Gross",59.0,10
764,2022-09-04,1.0,Jillian Mitchell,Lebanon,2.0,earphones,"Ayers, Thompson and Gross",59.0,7
765,2022-09-13,27.0,Matthew Harrington,Saint Martin,2.0,earphones,"Ayers, Thompson and Gross",59.0,8
766,2022-09-13,19.0,Scott Paul,Nigeria,3.0,keyboard,"Harris, Williams and Andrews",63.0,9
767,2022-09-05,4.0,Jason Stein,Niger,3.0,keyboard,"Harris, Williams and Andrews",63.0,10
768,2022-09-12,12.0,Christina Palmer,Guatemala,2.0,earphones,"Ayers, Thompson and Gross",59.0,6
769,2022-09-05,2.0,Lawrence Schmitt,Austria,2.0,earphones,"Ayers, Thompson and Gross",59.0,4
770,2022-09-05,11.0,Francisco Delacruz,Jordan,3.0,keyboard,"Harris, Williams and Andrews",63.0,9
771,2022-09-04,7.0,Caroline Farmer MD,Tonga,1.0,laptop,Dillon Inc,2.0,10
772,2022-09-12,2.0,Lawrence Schmitt,Austria,3.0,keyboard,"Harris, Williams and Andrews",63.0,9
773,2022-09-12,26.0,Gina Serrano,France,1.0,laptop,Dillon Inc,2.0,1
774,2022-09-01,10.0,Andrew Gallagher,Tokelau,1.0,laptop,Dillon Inc,2.0,7
775,2022-09-14,2.0,Lawrence Schmitt,Austria,2.0,earphones,"Ayers, Thompson and Gross",59.0,4
776,2022-09-03,12.0,Christina Palmer,Guatemala,2.0,earphones,"Ayers, Thompson and Gross",59.0,9
777,2022-09-05,27.0,Matthew Harrington,Saint Martin,2.0,earphones,"Ayers, Thompson and Gross",59.0,5
778,2022-09-09,17.0,Bethany Montgomery,El Salvador,1.0,laptop,Dillon Inc,2.0,8
779,2022-09-12,15.0,Chelsea Heath,Luxembourg,1.0,laptop,Dillon Inc,2.0,2
780,2022-09-10,22.0,Jill Hill,Cameroon,1.0,laptop,Dillon Inc,2.0,9
781,2022-09-11,8.0,Bradley Lee,Australia,3.0,keyboard,"Harris, Williams and Andrews",63.0,6
782,2022-09-12,9.0,Gary Myers,Czech Republic,3.0,keyboard,"Harris, Williams and Andrews",63.0,3
783,2022-09-06,7.0,Caroline Farmer MD,Tonga,1.0,laptop,Dillon Inc,2.0,3
784,2022-09-06,3.0,Cheryl Gonzalez,Singapore,3.0,keyboard,"Harris, Williams and Andrews",63.0,9
785,2022-09-13,30.0,Charles Salas,Canada,1.0,laptop,Dillon Inc,2.0,2
786,2022-09-09,2.0,Lawrence Schmitt,Austria,1.0,laptop,Dillon Inc,2.0,7
787,2022-09-07,29.0,David Dillon,Guatemala,1.0,laptop,Dillon Inc,2.0,3
788,2022-09-10,30.0,Charles Salas,Canada,3.0,keyboard,"Harris, Williams and Andrews",63.0,5
789,2022-09-11,15.0,Chelsea Heath,Luxembourg,3.0,keyboard,"Harris, Williams and Andrews",63.0,5
790,2022-09-06,12.0,Christina Palmer,Guatemala,2.0,earphones,"Ayers, Thompson and Gross",59.0,3
791,2022-09-05,17.0,Bethany Montgomery,El Salvador,1.0,laptop,Dillon Inc,2.0,6
792,2022-09-01,22.0,Jill Hill,Cameroon,2.0,earphones,"Ayers, Thompson and Gross",59.0,6
793,2022-09-06,2.0,Lawrence Schmitt,Austria,2.0,earphones,"Ayers, Thompson and Gross",59.0,5
794,2022-09-04,26.0,Gina Serrano,France,1.0,laptop,Dillon Inc,2.0,7
795,2022-09-04,2.0,Lawrence Schmitt,Austria,1.0,laptop,Dillon Inc,2.0,10
796,2022-09-03,18.0,Molly Price,Monaco,3.0,keyboard,"Harris, Williams and Andrews",63.0,10
797,2022-09-02,14.0,Justin Garcia,South Georgia and the South Sandwich Islands,1.0,laptop,Dillon Inc,2.0,1
798,2022-09-11,14.0,Justin Garcia,South Georgia and the South Sandwich Islands,2.0,earphones,"Ayers, Thompson and Gross",59.0,9
799,2022-09-12,5.0,Sharon Lee,Zimbabwe,3.0,keyboard,"Harris, Williams and Andrews",63.0,3
800,2022-09-12,28.0,Christine Joyce,Sierra Leone,3.0,keyboard,"Harris, Williams and Andrews",63.0,5
801,2022-09-13,12.0,Christina Palmer,Guatemala,2.0,earphones,"Ayers, Thompson and Gross",59.0,6
802,2022-09-13,21.0,Katherine Benson,Togo,2.0,earphones,"Ayers, Thompson and Gross",59.0,1
803,2022-09-04,11.0,Francisco Delacruz,Jordan,1.0,laptop,Dillon Inc,2.0,9
804,2022-09-02,9.0,Gary Myers,Czech Republic,1.0,laptop,Dillon Inc,2.0,5
805,2022-09-06,25.0,Gregory Walker,Saudi Arabia,1.0,laptop,Dillon Inc,2.0,2
806,2022-09-13,8.0,Bradley Lee,Australia,3.0,keyboard,"Harris, Williams and Andrews",63.0,5
807,2022-09-01,9.0,Gary Myers,Czech Republic,3.0,keyboard,"Harris, Williams and Andrews",63.0,5
808,2022-09-14,12.0,Christina Palmer,Guatemala,2.0,earphones,"Ayers, Thompson and Gross",59.0,3
809,2022-09-09,12.0,Christina Palmer,Guatemala,1.0,laptop,Dillon Inc,2.0,10
810,2022-09-14,20.0,Erik Smith,Sweden,2.0,earphones,"Ayers, Thompson and Gross",59.0,7
811,2022-09-02,19.0,Scott Paul,Nigeria,1.0,laptop,Dillon Inc,2.0,1
812,2022-09-11,26.0,Gina Serrano,France,2.0,earphones,"Ayers, Thompson and Gross",59.0,6
813,2022-09-12,14.0,Justin Garcia,South Georgia and the South Sandwich Islands,1.0,laptop,Dillon Inc,2.0,1
814,2022-09-09,16.0,Alexander Smith,Macao,3.0,keyboard,"Harris, Williams and Andrews",63.0,10
815,2022-09-10,30.0,Charles Salas,Canada,1.0,laptop,Dillon Inc,2.0,8
816,2022-09-04,25.0,Gregory Walker,Saudi Arabia,1.0,laptop,Dillon Inc,2.0,4
817,2022-09-11,12.0,Christina Palmer,Guatemala,2.0,earphones,"Ayers, Thompson and Gross",59.0,5
818,2022-09-07,30.0,Charles Salas,Canada,3.0,keyboard,"Harris, Williams and Andrews",63.0,9
819,2022-09-07,10.0,Andrew Gallagher,Tokelau,1.0,laptop,Dillon Inc,2.0,4
820,2022-09-10,29.0,David Dillon,Guatemala,2.0,earphones,"Ayers, Thompson and Gross",59.0,4
821,2022-09-05,27.0,Matthew Harrington,Saint Martin,3.0,keyboard,"Harris, Williams and Andrews",63.0,4
822,2022-09-02,5.0,Sharon Lee,Zimbabwe,3.0,keyboard,"Harris, Williams and Andrews",63.0,10
823,2022-09-06,25.0,Gregory Walker,Saudi Arabia,1.0,laptop,Dillon Inc,2.0,2
824,2022-09-06,5.0,Sharon Lee,Zimbabwe,2.0,earphones,"Ayers, Thompson and Gross",59.0,5
825,2022-09-07,4.0,Jason Stein,Niger,3.0,keyboard,"Harris, Williams and Andrews",63.0,5
826,2022-09-09,6.0,Jeffery Herman,Bahrain,2.0,earphones,"Ayers, Thompson and Gross",59.0,2
827,2022-09-04,1.0,Jillian Mitchell,Lebanon,2.0,earphones,"Ayers, Thompson and Gross",59.0,3
828,2022-09-09,29.0,David Dillon,Guatemala,3.0,keyboard,"Harris, Williams and Andrews",63.0,1
829,2022-09-05,21.0,Katherine Benson,Togo,3.0,keyboard,"Harris, Williams and Andrews",63.0,1
830,2022-09-14,30.0,Charles Salas,Canada,1.0,laptop,Dillon Inc,2.0,5
831,2022-09-06,3.0,Cheryl Gonzalez,Singapore,3.0,keyboard,"Harris, Williams and Andrews",63.0,7
832,2022-09-14,7.0,Caroline Farmer MD,Tonga,3.0,keyboard,"Harris, Williams and Andrews",63.0,3
833,2022-09-07,16.0,Alexander Smith,Macao,2.0,earphones,"Ayers, Thompson and Gross",59.0,5
834,2022-09-10,8.0,Bradley Lee,Australia,3.0,keyboard,"Harris, Williams and Andrews",63.0,1
835,2022-09-11,5.0,Sharon Lee,Zimbabwe,1.0,laptop,Dillon Inc,2.0,9
836,2022-09-12,1.0,Jillian Mitchell,Lebanon,1.0,laptop,Dillon Inc,2.0,3
837,2022-09-06,23.0,Andrew Rodriguez,Zimbabwe,2.0,earphones,"Ayers, Thompson and Gross",59.0,9
838,2022-09-03,4.0,Jason Stein,Niger,2.0,earphones,"Ayers, Thompson and Gross",59.0,1
839,2022-09-04,5.0,Sharon Lee,Zimbabwe,2.0,earphones,"Ayers, Thompson and Gross",59.0,3
840,2022-09-04,19.0,Scott Paul,Nigeria,2.0,earphones,"Ayers, Thompson and Gross",59.0,7
841,2022-09-05,19.0,Scott Paul,Nigeria,1.0,laptop,Dillon Inc,2.0,10
842,2022-09-09,16.0,Alexander Smith,Macao,1.0,laptop,Dillon Inc,2.0,10
843,2022-09-07,26.0,Gina Serrano,France,1.0,laptop,Dillon Inc,2.0,7
844,2022-09-08,17.0,Bethany Montgomery,El Salvador,3.0,keyboard,"Harris, Williams and Andrews",63.0,10
845,2022-09-02,15.0,Chelsea Heath,Luxembourg,2.0,earphones,"Ayers, Thompson and Gross",59.0,2
846,2022-09-10,1.0,Jillian Mitchell,Lebanon,1.0,laptop,Dillon Inc,2.0,3
847,2022-09-11,27.0,Matthew Harrington,Saint Martin,2.0,earphones,"Ayers, Thompson and Gross",59.0,10
848,2022-09-01,19.0,Scott Paul,Nigeria,2.0,earphones,"Ayers, Thompson and Gross",59.0,6
849,2022-09-02,28.0,Christine Joyce,Sierra Leone,3.0,keyboard,"Harris, Williams and Andrews",63.0,10
850,2022-09-01,18.0,Molly Price,Monaco,1.0,laptop,Dillon Inc,2.0,10
851,2022-09-12,22.0,Jill Hill,Cameroon,1.0,laptop,Dillon Inc,2.0,4
852,2022-09-10,10.0,Andrew Gallagher,Tokelau,2.0,earphones,"Ayers, Thompson and Gross",59.0,3
853,2022-09-05,19.0,Scott Paul,Nigeria,3.0,keyboard,"Harris, Williams and Andrews",63.0,8
854,2022-09-10,16.0,Alexander Smith,Macao,1.0,laptop,Dillon Inc,2.0,4
855,2022-09-04,12.0,Christina Palmer,Guatemala,2.0,earphones,"Ayers, Thompson and Gross",59.0,2
856,2022-09-03,13.0,Derrick Gonzalez,Malaysia,2.0,earphones,"Ayers, Thompson and Gross",59.0,6
857,2022-09-01,5.0,Sharon Lee,Zimbabwe,1.0,laptop,Dillon Inc,2.0,5
858,2022-09-08,9.0,Gary Myers,Czech Republic,3.0,keyboard,"Harris, Williams and Andrews",63.0,9
859,2022-09-03,16.0,Alexander Smith,Macao,2.0,earphones,"Ayers, Thompson and Gross",59.0,6
860,2022-09-01,13.0,Derrick Gonzalez,Malaysia,2.0,earphones,"Ayers, Thompson and Gross",59.0,4
861,2022-09-07,3.0,Cheryl Gonzalez,Singapore,1.0,laptop,Dillon Inc,2.0,10
862,2022-09-09,26.0,Gina Serrano,France,3.0,keyboard,"Harris, Williams and Andrews",63.0,5
863,2022-09-05,16.0,Alexander Smith,Macao,3.0,keyboard,"Harris, Williams and Andrews",63.0,2
864,2022-09-09,19.0,Scott Paul,Nigeria,2.0,earphones,"Ayers, Thompson and Gross",59.0,7
865,2022-09-05,12.0,Christina Palmer,Guatemala,3.0,keyboard,"Harris, Williams and Andrews",63.0,6
866,2022-09-07,20.0,Erik Smith,Sweden,1.0,laptop,Dillon Inc,2.0,4
867,2022-09-08,1.0,Jillian Mitchell,Lebanon,2.0,earphones,"Ayers, Thompson and Gross",59.0,2
868,2022-09-13,20.0,Erik Smith,Sweden,1.0,laptop,Dillon Inc,2.0,8
869,2022-09-08,21.0,Katherine Benson,Togo,1.0,laptop,Dillon Inc,2.0,7
870,2022-09-07,6.0,Jeffery Herman,Bahrain,1.0,laptop,Dillon Inc,2.0,8
871,2022-09-11,5.0,Sharon Lee,Zimbabwe,2.0,earphones,"Ayers, Thompson and Gross",59.0,9
872,2022-09-08,25.0,Gregory Walker,Saudi Arabia,3.0,keyboard,"Harris, Williams and Andrews",63.0,8
873,2022-09-06,11.0,Francisco Delacruz,Jordan,2.0,earphones,"Ayers, Thompson and Gross",59.0,10
874,2022-09-14,26.0,Gina Serrano,France,1.0,laptop,Dillon Inc,2.0,6
875,2022-09-02,13.0,Derrick Gonzalez,Malaysia,2.0,earphones,"Ayers, Thompson and Gross",59.0,4
876,2022-09-02,7.0,Caroline Farmer MD,Tonga,2.0,earphones,"Ayers, Thompson and Gross",59.0,5
877,2022-09-13,15.0,Chelsea Heath,Luxembourg,3.0,keyboard,"Harris, Williams and Andrews",63.0,10
878,2022-09-08,19.0,Scott Paul,Nigeria,2.0,earphones,"Ayers, Thompson and Gross",59.0,6
879,2022-09-02,16.0,Alexander Smith,Macao,2.0,earphones,"Ayers, Thompson and Gross",59.0,5
880,2022-09-10,12.0,Christina Palmer,Guatemala,1.0,laptop,Dillon Inc,2.0,8
881,2022-09-14,16.0,Alexander Smith,Macao,1.0,laptop,Dillon Inc,2.0,2
882,2022-09-13,6.0,Jeffery Herman,Bahrain,3.0,keyboard,"Harris, Williams and Andrews",63.0,2
883,2022-09-11,13.0,Derrick Gonzalez,Malaysia,1.0,laptop,Dillon Inc,2.0,6
884,2022-09-08,29.0,David Dillon,Guatemala,1.0,laptop,Dillon Inc,2.0,2
885,2022-09-04,22.0,Jill Hill,Cameroon,2.0,earphones,"Ayers, Thompson and Gross",59.0,7
886,2022-09-08,13.0,Derrick Gonzalez,Malaysia,2.0,earphones,"Ayers, Thompson and Gross",59.0,1
887,2022-09-05,3.0,Cheryl Gonzalez,Singapore,3.0,keyboard,"Harris, Williams and Andrews",63.0,6
888,2022-09-11,30.0,Charles Salas,Canada,2.0,earphones,"Ayers, Thompson and Gross",59.0,5
889,2022-09-01,30.0,Charles Salas,Canada,3.0,keyboard,"Harris, Williams and Andrews",63.0,9
890,2022-09-04,21.0,Katherine Benson,Togo,1.0,laptop,Dillon Inc,2.0,5
891,2022-09-11,8.0,Bradley Lee,Australia,2.0,earphones,"Ayers, Thompson and Gross",59.0,3
892,2022-09-13,23.0,Andrew Rodriguez,Zimbabwe,2.0,earphones,"Ayers, Thompson and Gross",59.0,8
893,2022-09-07,2.0,Lawrence Schmitt,Austria,2.0,earphones,"Ayers, Thompson and Gross",59.0,7
894,2022-09-09,9.0,Gary Myers,Czech Republic,2.0,earphones,"Ayers, Thompson and Gross",59.0,4
895,2022-09-10,6.0,Jeffery Herman,Bahrain,3.0,keyboard,"Harris, Williams and Andrews",63.0,9
896,2022-09-11,10.0,Andrew Gallagher,Tokelau,1.0,laptop,Dillon Inc,2.0,2
897,2022-09-02,19.0,Scott Paul,Nigeria,3.0,keyboard,"Harris, Williams and Andrews",63.0,2
898,2022-09-09,16.0,Alexander Smith,Macao,1.0,laptop,Dillon Inc,2.0,9
899,2022-09-10,14.0,Justin Garcia,South Georgia and the South Sandwich Islands,3.0,keyboard,"Harris, Williams and Andrews",63.0,8
900,2022-09-14,30.0,Charles Salas,Canada,2.0,earphones,"Ayers, Thompson and Gross",59.0,3
901,2022-09-01,16.0,Alexander Smith,Macao,1.0,laptop,Dillon Inc,2.0,8
902,2022-09-01,22.0,Jill Hill,Cameroon,1.0,laptop,Dillon Inc,2.0,8
903,2022-09-04,27.0,Matthew Harrington,Saint Martin,3.0,keyboard,"Harris, Williams and Andrews",63.0,8
904,2022-09-11,29.0,David Dillon,Guatemala,2.0,earphones,"Ayers, Thompson and Gross",59.0,5
905,2022-09-01,29.0,David Dillon,Guatemala,2.0,earphones,"Ayers, Thompson and Gross",59.0,9
906,2022-09-08,21.0,Katherine Benson,Togo,2.0,earphones,"Ayers, Thompson and Gross",59.0,6
907,2022-09-07,10.0,Andrew Gallagher,Tokelau,2.0,earphones,"Ayers, Thompson and Gross",59.0,8
908,2022-09-03,29.0,David Dillon,Guatemala,2.0,earphones,"Ayers, Thompson and Gross",59.0,7
909,2022-09-12,27.0,Matthew Harrington,Saint Martin,1.0,laptop,Dillon Inc,2.0,1
910,2022-09-11,1.0,Jillian Mitchell,Lebanon,3.0,keyboard,"Harris, Williams and Andrews",63.0,2
911,2022-09-07,2.0,Lawrence Schmitt,Austria,2.0,earphones,"Ayers, Thompson and Gross",59.0,6
912,2022-09-01,26.0,Gina Serrano,France,3.0,keyboard,"Harris, Williams and Andrews",63.0,3
913,2022-09-04,11.0,Francisco Delacruz,Jordan,1.0,laptop,Dillon Inc,2.0,9
914,2022-09-06,20.0,Erik Smith,Sweden,2.0,earphones,"Ayers, Thompson and Gross",59.0,4
915,2022-09-04,8.0,Bradley Lee,Australia,3.0,keyboard,"Harris, Williams and Andrews",63.0,4
916,2022-09-05,30.0,Charles Salas,Canada,3.0,keyboard,"Harris, Williams and Andrews",63.0,5
917,2022-09-02,13.0,Derrick Gonzalez,Malaysia,1.0,laptop,Dillon Inc,2.0,7
918,2022-09-03,8.0,Bradley Lee,Australia,2.0,earphones,"Ayers, Thompson and Gross",59.0,5
919,2022-09-10,19.0,Scott Paul,Nigeria,2.0,earphones,"Ayers, Thompson and Gross",59.0,2
920,2022-09-13,28.0,Christine Joyce,Sierra Leone,1.0,laptop,Dillon Inc,2.0,7
921,2022-09-09,21.0,Katherine Benson,Togo,3.0,keyboard,"Harris, Williams and Andrews",63.0,2
922,2022-09-02,21.0,Katherine Benson,Togo,2.0,earphones,"Ayers, Thompson and Gross",59.0,4
923,2022-09-10,20.0,Erik Smith,Sweden,2.0,earphones,"Ayers, Thompson and Gross",59.0,2
924,2022-09-03,29.0,David Dillon,Guatemala,1.0,laptop,Dillon Inc,2.0,7
925,2022-09-10,16.0,Alexander Smith,Macao,2.0,earphones,"Ayers, Thompson and Gross",59.0,4
926,2022-09-07,24.0,Jenna Le,Ukraine,1.0,laptop,Dillon Inc,2.0,9
927,2022-09-03,8.0,Bradley Lee,Australia,1.0,laptop,Dillon Inc,2.0,6
928,2022-09-02,28.0,Christine Joyce,Sierra Leone,1.0,laptop,Dillon Inc,2.0,3
929,2022-09-12,7.0,Caroline Farmer MD,Tonga,1.0,laptop,Dillon Inc,2.0,7
930,2022-09-10,6.0,Jeffery Herman,Bahrain,2.0,earphones,"Ayers, Thompson and Gross",59.0,4
931,2022-09-09,14.0,Justin Garcia,South Georgia and the South Sandwich Islands,2.0,earphones,"Ayers, Thompson and Gross",59.0,5
932,2022-09-11,11.0,Francisco Delacruz,Jordan,3.0,keyboard,"Harris, Williams and Andrews",63.0,9
933,2022-09-05,30.0,Charles Salas,Canada,3.0,keyboard,"Harris, Williams and Andrews",63.0,8
934,2022-09-08,19.0,Scott Paul,Nigeria,1.0,laptop,Dillon Inc,2.0,6
935,2022-09-03,21.0,Katherine Benson,Togo,2.0,earphones,"Ayers, Thompson and Gross",59.0,7
936,2022-09-04,23.0,Andrew Rodriguez,Zimbabwe,1.0,laptop,Dillon Inc,2.0,6
937,2022-09-13,23.0,Andrew Rodriguez,Zimbabwe,3.0,keyboard,"Harris, Williams and Andrews",63.0,10
938,2022-09-10,11.0,Francisco Delacruz,Jordan,2.0,earphones,"Ayers, Thompson and Gross",59.0,9
939,2022-09-09,19.0,Scott Paul,Nigeria,2.0,earphones,"Ayers, Thompson and Gross",59.0,8
940,2022-09-05,21.0,Katherine Benson,Togo,3.0,keyboard,"Harris, Williams and Andrews",63.0,9
941,2022-09-06,18.0,Molly Price,Monaco,3.0,keyboard,"Harris, Williams and Andrews",63.0,8
942,2022-09-01,22.0,Jill Hill,Cameroon,1.0,laptop,Dillon Inc,2.0,4
943,2022-09-14,11.0,Francisco Delacruz,Jordan,3.0,keyboard,"Harris, Williams and Andrews",63.0,8
944,2022-09-04,23.0,Andrew Rodriguez,Zimbabwe,3.0,keyboard,"Harris, Williams and Andrews",63.0,3
945,2022-09-14,18.0,Molly Price,Monaco,1.0,laptop,Dillon Inc,2.0,2
946,2022-09-03,5.0,Sharon Lee,Zimbabwe,3.0,keyboard,"Harris, Williams and Andrews",63.0,2
947,2022-09-05,26.0,Gina Serrano,France,3.0,keyboard,"Harris, Williams and Andrews",63.0,1
948,2022-09-06,27.0,Matthew Harrington,Saint Martin,2.0,earphones,"Ayers, Thompson and Gross",59.0,9
949,2022-09-01,14.0,Justin Garcia,South Georgia and the South Sandwich Islands,1.0,laptop,Dillon Inc,2.0,4
950,2022-09-02,13.0,Derrick Gonzalez,Malaysia,1.0,laptop,Dillon Inc,2.0,4
951,2022-09-11,22.0,Jill Hill,Cameroon,2.0,earphones,"Ayers, Thompson and Gross",59.0,4
952,2022-09-14,9.0,Gary Myers,Czech Republic,1.0,laptop,Dillon Inc,2.0,4
953,2022-09-10,29.0,David Dillon,Guatemala,3.0,keyboard,"Harris, Williams and Andrews",63.0,6
954,2022-09-01,2.0,Lawrence Schmitt,Austria,2.0,earphones,"Ayers, Thompson and Gross",59.0,5
955,2022-09-09,9.0,Gary Myers,Czech Republic,1.0,laptop,Dillon Inc,2.0,3
956,2022-09-04,9.0,Gary Myers,Czech Republic,3.0,keyboard,"Harris, Williams and Andrews",63.0,2
957,2022-09-10,1.0,Jillian Mitchell,Lebanon,3.0,keyboard,"Harris, Williams and Andrews",63.0,5
958,2022-09-08,4.0,Jason Stein,Niger,2.0,earphones,"Ayers, Thompson and Gross",59.0,9
959,2022-09-09,7.0,Caroline Farmer MD,Tonga,2.0,earphones,"Ayers, Thompson and Gross",59.0,4
960,2022-09-04,13.0,Derrick Gonzalez,Malaysia,1.0,laptop,Dillon Inc,2.0,4
961,2022-09-04,6.0,Jeffery Herman,Bahrain,1.0,laptop,Dillon Inc,2.0,3
962,2022-09-03,19.0,Scott Paul,Nigeria,1.0,laptop,Dillon Inc,2.0,7
963,2022-09-08,21.0,Katherine Benson,Togo,1.0,laptop,Dillon Inc,2.0,5
964,2022-09-09,27.0,Matthew Harrington,Saint Martin,3.0,keyboard,"Harris, Williams and Andrews",63.0,6
965,2022-09-12,18.0,Molly Price,Monaco,1.0,laptop,Dillon Inc,2.0,6
966,2022-09-12,23.0,Andrew Rodriguez,Zimbabwe,2.0,earphones,"Ayers, Thompson and Gross",59.0,7
967,2022-09-08,12.0,Christina Palmer,Guatemala,3.0,keyboard,"Harris, Williams and Andrews",63.0,4
968,2022-09-04,13.0,Derrick Gonzalez,Malaysia,3.0,keyboard,"Harris, Williams and Andrews",63.0,3
969,2022-09-05,19.0,Scott Paul,Nigeria,3.0,keyboard,"Harris, Williams and Andrews",63.0,10
970,2022-09-07,29.0,David Dillon,Guatemala,2.0,earphones,"Ayers, Thompson and Gross",59.0,9
971,2022-09-05,3.0,Cheryl Gonzalez,Singapore,2.0,earphones,"Ayers, Thompson and Gross",59.0,1
972,2022-09-02,5.0,Sharon Lee,Zimbabwe,3.0,keyboard,"Harris, Williams and Andrews",63.0,4
973,2022-09-12,7.0,Caroline Farmer MD,Tonga,1.0,laptop,Dillon Inc,2.0,1
974,2022-09-14,7.0,Caroline Farmer MD,Tonga,3.0,keyboard,"Harris, Williams and Andrews",63.0,1
975,2022-09-01,2.0,Lawrence Schmitt,Austria,1.0,laptop,Dillon Inc,2.0,1
976,2022-09-08,10.0,Andrew Gallagher,Tokelau,3.0,keyboard,"Harris, Williams and Andrews",63.0,4
977,2022-09-07,27.0,Matthew Harrington,Saint Martin,1.0,laptop,Dillon Inc,2.0,4
978,2022-09-08,13.0,Derrick Gonzalez,Malaysia,3.0,keyboard,"Harris, Williams and Andrews",63.0,4
979,2022-09-07,17.0,Bethany Montgomery,El Salvador,1.0,laptop,Dillon Inc,2.0,7
980,2022-09-08,15.0,Chelsea Heath,Luxembourg,2.0,earphones,"Ayers, Thompson and Gross",59.0,2
981,2022-09-07,2.0,Lawrence Schmitt,Austria,3.0,keyboard,"Harris, Williams and Andrews",63.0,3
982,2022-09-04,27.0,Matthew Harrington,Saint Martin,3.0,keyboard,"Harris, Williams and Andrews",63.0,7
983,2022-09-08,28.0,Christine Joyce,Sierra Leone,2.0,earphones,"Ayers, Thompson and Gross",59.0,3
984,2022-09-09,1.0,Jillian Mitchell,Lebanon,3.0,keyboard,"Harris, Williams and Andrews",63.0,2
985,2022-09-03,13.0,Derrick Gonzalez,Malaysia,2.0,earphones,"Ayers, Thompson and Gross",59.0,4
986,2022-09-07,26.0,Gina Serrano,France,3.0,keyboard,"Harris, Williams and Andrews",63.0,6
987,2022-09-01,2.0,Lawrence Schmitt,Austria,3.0,keyboard,"Harris, Williams and Andrews",63.0,6
988,2022-09-07,24.0,Jenna Le,Ukraine,3.0,keyboard,"Harris, Williams and Andrews",63.0,8
989,2022-09-08,26.0,Gina Serrano,France,2.0,earphones,"Ayers, Thompson and Gross",59.0,2
990,2022-09-08,4.0,Jason Stein,Niger,2.0,earphones,"Ayers, Thompson and Gross",59.0,5
991,2022-09-10,15.0,Chelsea Heath,Luxembourg,2.0,earphones,"Ayers, Thompson and Gross",59.0,7
992,2022-09-11,13.0,Derrick Gonzalez,Malaysia,1.0,laptop,Dillon Inc,2.0,5
993,2022-09-01,21.0,Katherine Benson,Togo,3.0,keyboard,"Harris, Williams and Andrews",63.0,5
994,2022-09-09,16.0,Alexander Smith,Macao,1.0,laptop,Dillon Inc,2.0,1
995,2022-09-09,28.0,Christine Joyce,Sierra Leone,2.0,earphones,"Ayers, Thompson and Gross",59.0,9
996,2022-09-11,7.0,Caroline Farmer MD,Tonga,2.0,earphones,"Ayers, Thompson and Gross",59.0,10
997,2022-09-06,23.0,Andrew Rodriguez,Zimbabwe,1.0,laptop,Dillon Inc,2.0,4
998,2022-09-12,26.0,Gina Serrano,France,2.0,earphones,"Ayers, Thompson and Gross",59.0,10
999,2022-09-04,11.0,Francisco Delacruz,Jordan,1.0,laptop,Dillon Inc,2.0,5
1000,2022-09-07,22.0,Jill Hill,Cameroon,3.0,keyboard,"Harris, Williams and Andrews",63.0,2
